Names,2014-15:≥6 months,LL,UL,CI,SAMPLE,TARGET,2015-16:≥6 months,LL,UL,CI,SAMPLE,TARGET,2016-17:≥6 months,LL,UL,CI,SAMPLE,TARGET,2017-18:≥6 months,LL,UL,CI,SAMPLE,TARGET,2018-19:≥6 months,LL,UL,CI,SAMPLE,TARGET,2014-15:6 months - 17 years,LL,UL,CI,SAMPLE,TARGET,2015-16:6 months - 17 years,LL,UL,CI,SAMPLE,TARGET,2016-17:6 months - 17 years,LL,UL,CI,SAMPLE,TARGET,2017-18:6 months - 17 years,LL,UL,CI,SAMPLE,TARGET,2018-19:6 months - 17 years,LL,UL,CI,SAMPLE,TARGET,2014-15:6 months - 4 years,LL,UL,CI,SAMPLE,TARGET,2015-16:6 months - 4 years,LL,UL,CI,SAMPLE,TARGET,2017-17:6 months - 4 years,LL,UL,CI,SAMPLE,TARGET,2017-18:6 months - 4 years,LL,UL,CI,SAMPLE,TARGET,2018-19:6 months - 4 years,LL,UL,CI,SAMPLE,TARGET,2014-15:5-12 years,LL,UL,CI,SAMPLE,TARGET,2015-16:5-12 years,LL,UL,CI,SAMPLE,TARGET,2016-17:5-12 years,LL,UL,CI,SAMPLE,TARGET,2017-18:5-12 years,LL,UL,CI,SAMPLE,TARGET,2018-19:5-12 years,LL,UL,CI,SAMPLE,TARGET,2014-15:13-17 years,LL,UL,CI,SAMPLE,TARGET,2015-16:13-17 years,LL,UL,CI,SAMPLE,TARGET,2016-17:13-17 years,LL,UL,CI,SAMPLE,TARGET,2017-18:13-17 years,LL,UL,CI,SAMPLE,TARGET,2018-19:13-17 years,LL,UL,CI,SAMPLE,TARGET,2014-15:≥18 years,LL,UL,CI,SAMPLE,TARGET,2015-16:≥18 years,LL,UL,CI,SAMPLE,TARGET,2016-17:≥18 years,LL,UL,CI,SAMPLE,TARGET,2017-18:≥18 years,LL,UL,CI,SAMPLE,TARGET,2018-19:≥18 years,LL,UL,CI,SAMPLE,TARGET,2014-15:18-64 years,LL,UL,CI,SAMPLE,TARGET,2015-16:18-64 years,LL,UL,CI,SAMPLE,TARGET,2016-17:18-64 years,LL,UL,CI,SAMPLE,TARGET,2017-18:18-64 years,LL,UL,CI,SAMPLE,TARGET,2018-19:18-64 years,LL,UL,CI,SAMPLE,TARGET,2014-15:18-49 years,LL,UL,CI,SAMPLE,TARGET,2015-16:18-49 years,LL,UL,CI,SAMPLE,TARGET,2016-17:18-49 years,LL,UL,CI,SAMPLE,TARGET,2017-18:18-49 years,LL,UL,CI,SAMPLE,TARGET,2018-19:18-49 years,LL,UL,CI,SAMPLE,TARGET,2014-15:50-64 years,LL,UL,CI,SAMPLE,TARGET,2015-16:50-64 years,LL,UL,CI,SAMPLE,TARGET,2016-17:50-64 years,LL,UL,CI,SAMPLE,TARGET,2017-18:50-64 years,LL,UL,CI,SAMPLE,TARGET,2018-19:50-64 years,LL,UL,CI,SAMPLE,TARGET,2014-15:50-64 years,LL,UL,CI,SAMPLE,TARGET,2015-16:50-64 years,LL,UL,CI,SAMPLE,TARGET,2016-17:50-64 years,LL,UL,CI,SAMPLE,TARGET,2017-18:50-64 years,LL,UL,CI,SAMPLE,TARGET,2018-19:≥65 years,LL,UL,CI,SAMPLE,TARGET
Alabama,45.8,43.8,47.8,(±2.0),9092,70,43.9,41.9,45.9,(±2.0),7822,70,43.9,42.1,45.7,(±1.8),7901,70,42.4,40.6,44.2,(±1.8),7547,70,48.3,46.3,50.3,(±2.0),7966,70,57,53.5,60.5,(±3.5),2280,70,61.9,58,65.8,(±3.9),2375,70,54.3,51,57.6,(±3.3),2555,70,53.8,50.9,56.7,(±2.9),2671,70,60.7,57.6,63.8,(±3.1),2935,70,63.6,57.6,69.6,(±6.0),655,70,70.2,63.4,77,(±6.8),720,70,68.4,62.6,74.2,(±5.8),757,70,61.7,56.5,66.9,(±5.2),854,70,68.7,63.6,73.8,(±5.1),935,70,61.2,56,66.4,(±5.2),1029,70,64.8,59.7,69.9,(±5.1),1121,70,55.1,50.5,59.7,(±4.6),1196,70,56,51.8,60.2,(±4.2),1224,70,64,59.6,68.4,(±4.4),1380,70,46.2,39.7,52.7,(±6.5),596,70,50,42.3,57.7,(±7.7),534,70,43.2,36.1,50.3,(±7.1),602,70,42.9,37.2,48.6,(±5.7),593,70,48.2,42.4,54,(±5.8),620,70,42.6,40.2,45,(±2.4),6812,70,38.8,36.4,41.2,(±2.4),5447,70,41,38.8,43.2,(±2.2),5346,70,39.2,37,41.4,(±2.2),4876,70,44.8,42.4,47.2,(±2.4),5031,70,36.8,34.1,39.5,(±2.7),4423,70,33.1,30.4,35.8,(±2.7),3719,70,34.9,32.4,37.4,(±2.5),3393,70,31.7,29.2,34.2,(±2.5),3030,70,37.4,34.5,40.3,(±2.9),3071,70,31.3,27.6,35,(±3.7),2164,70,29.1,25.6,32.6,(±3.5),1992,70,28.5,25.2,31.8,(±3.3),1774,70,27,23.7,30.3,(±3.3),1560,70,30.7,27.2,34.2,(±3.5),1615,70,47.6,43.9,51.3,(±3.7),2259,70,40.8,36.7,44.9,(±4.1),1727,70,47.5,43.4,51.6,(±4.1),1619,70,41,37.5,44.5,(±3.5),1470,70,51.5,46.6,56.4,(±4.9),1456,70,65.3,62.2,68.4,(±3.1),2389,70,61.1,57.4,64.8,(±3.7),1728,70,63,59.7,66.3,(±3.3),1953,70,65.4,62.1,68.7,(±3.3),1846,70,71.5,68.4,74.6,(±3.1),1960,70
Alaska,44,40.9,47.1,(±3.1),5223,70,37.9,35.5,40.3,(±2.4),4740,70,39.1,35.9,42.3,(±3.2),4998,70,40.2,37.2,43.2,(±3.0),3690,70,44.1,40.8,47.4,(±3.3),4169,70,53.6,49.9,57.3,(±3.7),2191,70,47.9,44.1,51.7,(±3.8),2287,70,45.8,39.7,51.9,(±6.1),2238,70,48.4,44.2,52.6,(±4.2),1752,70,54.7,50.3,59.1,(±4.4),1683,70,65.2,58.3,72.1,(±6.9),669,70,56.7,50.1,63.3,(±6.6),681,70,43.9,27.6,60.2,(±16.3)‡,688,70,60.4,52.1,68.7,(±8.3),564,70,63.8,55.2,72.4,(±8.6),522,70,59.3,54.2,64.4,(±5.1),1012,70,49.4,44.1,54.7,(±5.3),955,70,52.2,45.5,58.9,(±6.7),971,70,45.3,39.5,51.1,(±5.8),719,70,56.2,49.7,62.7,(±6.5),598,70,33.6,27.9,39.3,(±5.7),510,70,39.7,32.4,47,(±7.3),651,70,38.2,31,45.4,(±7.2),579,70,43,36,50,(±7.0),469,70,44.7,37.1,52.3,(±7.6),563,70,40.9,37,44.8,(±3.9),3032,70,34.7,31.8,37.6,(±2.9),2453,70,36.9,33.2,40.6,(±3.7),2760,70,37.5,33.8,41.2,(±3.7),1938,70,40.7,36.6,44.8,(±4.1),2486,70,38.3,34,42.6,(±4.3),2290,70,31.9,28.6,35.2,(±3.3),1801,70,33.6,29.5,37.7,(±4.1),1989,70,35,30.7,39.3,(±4.3),1311,70,36.7,32,41.4,(±4.7),1699,70,37.5,31.4,43.6,(±6.1),1196,70,28.8,24.7,32.9,(±4.1),946,70,31.6,25.9,37.3,(±5.7),980,70,35.3,29.6,41,(±5.7),718,70,34.8,28.9,40.7,(±5.9),902,70,40.2,35.1,45.3,(±5.1),1094,70,39,33.9,44.1,(±5.1),855,70,38,33.1,42.9,(±4.9),1009,70,33.7,28.2,39.2,(±5.5),593,70,40.4,34.9,45.9,(±5.5),797,70,57.5,51.6,63.4,(±5.9),742,70,51.5,46,57,(±5.5),652,70,55.6,49.7,61.5,(±5.9),771,70,51.9,46.2,57.6,(±5.7),627,70,61.2,55.5,66.9,(±5.7),787,70
Arizona,41.6,39.7,43.5,(±1.9),10518,70,41.5,39.8,43.2,(±1.7),9739,70,41.8,40.2,43.4,(±1.6),11261,70,38.9,37,40.8,(±1.9),12285,70,45.6,43.5,47.7,(±2.1),8714,70,52,48.3,55.7,(±3.7),2540,70,52,48.3,55.7,(±3.7),2418,70,50.8,47.5,54.1,(±3.3),2357,70,51.3,47.6,55,(±3.7),2358,70,55.9,52.5,59.3,(±3.4),2253,70,66.2,59.3,73.1,(±6.9),724,70,58,50.7,65.3,(±7.3),678,70,60.4,54.3,66.5,(±6.1),706,70,67.8,61.2,74.4,(±6.6),740,70,63.3,57.2,69.4,(±6.1),703,70,52.9,47.6,58.2,(±5.3),1142,70,57.2,52.1,62.3,(±5.1),983,70,54.6,49.8,59.4,(±4.8),1030,70,51.8,47,56.6,(±4.8),1120,70,58.6,53.7,63.5,(±4.9),988,70,40.6,34.6,46.6,(±6.0),674,70,40.1,34.2,46,(±5.9),757,70,38,32.3,43.7,(±5.7),621,70,37.3,30.2,44.4,(±7.1),498,70,46.8,40.9,52.7,(±5.9),562,70,38.4,36.2,40.6,(±2.2),7978,70,38.3,36.3,40.3,(±2.0),7321,70,39.2,37.4,41,(±1.8),8904,70,35.2,33,37.4,(±2.2),9927,70,42.6,40.1,45.1,(±2.5),6461,70,31.9,29.4,34.4,(±2.5),4355,70,32.2,29.8,34.6,(±2.4),3933,70,32.7,30.9,34.5,(±1.8),4950,70,29.1,26.4,31.8,(±2.7),5985,70,36,33.1,38.9,(±2.9),3712,70,27.5,24.2,30.8,(±3.3),2042,70,29,26.1,31.9,(±2.9),1859,70,28.1,25.7,30.5,(±2.4),2486,70,26.6,22.9,30.3,(±3.7),3168,70,31.6,27.7,35.5,(±3.9),1975,70,41.9,38.4,45.4,(±3.5),2313,70,39,35.9,42.1,(±3.1),2074,70,42.5,39.8,45.2,(±2.7),2464,70,34.9,31.8,38,(±3.1),2817,70,45.5,41.2,49.8,(±4.3),1737,70,62.4,59.1,65.7,(±3.3),3623,70,59.4,56.9,61.9,(±2.5),3388,70,60.8,57.9,63.7,(±2.9),3954,70,56.2,53.5,58.9,(±2.7),3942,70,64.4,60.9,67.9,(±3.5),2749,70
Arkansas,50.5,48.1,52.9,(±2.4),5875,70,45.4,43,47.8,(±2.4),5694,70,46.2,43.3,49.1,(±2.9),6418,70,41.7,39.6,43.8,(±2.1),6287,70,48.8,46.3,51.3,(±2.5),5247,70,66,62,70,(±4.0),2052,70,66.4,62.5,70.3,(±3.9),1896,70,60.6,56.8,64.4,(±3.8),2303,70,63.6,60,67.2,(±3.6),2129,70,63.5,60.4,66.6,(±3.1),2352,70,67.1,59.2,75,(±7.9),630,70,74.3,65.5,83.1,(±8.8),566,70,63.7,56.8,70.6,(±6.9),691,70,62.9,54.4,71.4,(±8.5),647,70,69.2,63.3,75.1,(±5.9),739,70,71.9,67.1,76.7,(±4.8),909,70,70.1,65,75.2,(±5.1),797,70,66,60.9,71.1,(±5.1),1027,70,66.2,61.8,70.6,(±4.4),925,70,64.5,60.4,68.6,(±4.1),1073,70,57.3,48.5,66.1,(±8.8),513,70,54.5,48,61,(±6.5),533,70,49,42,56,(±7.0),585,70,59.9,53.7,66.1,(±6.2),557,70,57,50.8,63.2,(±6.2),540,70,45.8,42.9,48.7,(±2.9),3823,70,39.2,36.3,42.1,(±2.9),3798,70,41.9,38.4,45.4,(±3.5),4115,70,35.2,32.7,37.7,(±2.5),4158,70,44.5,41.4,47.6,(±3.1),2895,70,39.1,35.6,42.6,(±3.5),2008,70,33.6,30.1,37.1,(±3.5),2017,70,35.8,31.5,40.1,(±4.3),2075,70,29.3,26.2,32.4,(±3.1),2031,70,38.9,35.2,42.6,(±3.7),1442,70,37,32.3,41.7,(±4.7),899,70,28.5,23.8,33.2,(±4.7),850,70,30.1,25.8,34.4,(±4.3),896,70,24.8,20.7,28.9,(±4.1),909,70,34.4,29.5,39.3,(±4.9),684,70,43.4,38.9,47.9,(±4.5),1109,70,43.9,39.6,48.2,(±4.3),1167,70,46.9,38.7,55.1,(±8.2),1179,70,38.5,34.2,42.8,(±4.3),1122,70,47.7,42.4,53,(±5.3),758,70,69.6,65.1,74.1,(±4.5),1815,70,59.1,55,63.2,(±4.1),1781,70,62.8,59.1,66.5,(±3.7),2040,70,54.7,51.6,57.8,(±3.1),2127,70,62.8,58.9,66.7,(±3.9),1453,70
California,44.2,42.2,46.2,(±2.0),10590,70,43.7,41.3,46.1,(±2.4),9488,70,48,45,51,(±3.0),8010,70,40,38.6,41.4,(±1.4),10838,70,47.4,45.8,49,(±1.6),9857,70,59.2,55.6,62.8,(±3.6),2773,70,59.9,56.3,63.5,(±3.6),2437,70,62.2,58.6,65.8,(±3.6),3095,70,57.3,54,60.6,(±3.3),2355,70,63.5,59.9,67.1,(±3.6),2275,70,72,65.7,78.3,(±6.3),909,70,70,63.5,76.5,(±6.5),834,70,73.3,66.8,79.8,(±6.5),1059,70,67.8,61.7,73.9,(±6.1),809,70,77.1,71.1,83.1,(±6.0),893,70,63.4,58.1,68.7,(±5.3),1235,70,63.5,57.9,69.1,(±5.6),1020,70,61.5,56.4,66.6,(±5.1),1348,70,58.3,53.4,63.2,(±4.9),950,70,66.6,60.9,72.3,(±5.7),860,70,44.1,37.7,50.5,(±6.4),629,70,47.4,41.2,53.6,(±6.2),583,70,53.9,47.3,60.5,(±6.6),688,70,48.7,43.3,54.1,(±5.4),596,70,49.9,43.7,56.1,(±6.2),522,70,39.7,37.3,42.1,(±2.4),7817,70,39,36.1,41.9,(±2.9),7051,70,43.9,40.2,47.6,(±3.7),4915,70,35,33.4,36.6,(±1.6),8483,70,42.9,41.1,44.7,(±1.8),7582,70,34.4,31.7,37.1,(±2.7),5762,70,34.2,30.9,37.5,(±3.3),5349,70,39.1,35.2,43,(±3.9),3726,70,29.6,28,31.2,(±1.6),6643,70,36.8,34.6,39,(±2.2),5639,70,29.7,26.4,33,(±3.3),3521,70,32.5,28.2,36.8,(±4.3),3452,70,36.4,31.9,40.9,(±4.5),2436,70,25.3,23.3,27.3,(±2.0),4380,70,33.7,31.2,36.2,(±2.5),3654,70,44.9,40.2,49.6,(±4.7),2241,70,38.3,34.4,42.2,(±3.9),1897,70,45.7,37.9,53.5,(±7.8),1290,70,39.3,36.4,42.2,(±2.9),2263,70,43.8,40.5,47.1,(±3.3),1985,70,64.7,60.8,68.6,(±3.9),2055,70,61.1,56.6,65.6,(±4.5),1702,70,66.2,55.8,76.6,(±10.4)‡,1189,70,58.1,54.8,61.4,(±3.3),1840,70,69,65.3,72.7,(±3.7),1943,70
Colorado,49,47.2,50.8,(±1.8),10314,70,49.1,47.4,50.8,(±1.7),10600,70,49.9,48.1,51.7,(±1.8),10103,70,45.2,43.6,46.8,(±1.6),7765,70,51.6,50.1,53.1,(±1.5),9421,70,59.1,55.6,62.6,(±3.5),2405,70,62.4,58.2,66.6,(±4.2),1846,70,63.4,58.3,68.5,(±5.1),2406,70,62.4,59,65.8,(±3.4),1828,70,64.5,61.4,67.6,(±3.1),2096,70,72.4,66.1,78.7,(±6.3),713,70,74,65,83,(±9.0),584,70,76.8,70.4,83.2,(±6.4),692,70,76.6,71.1,82.1,(±5.5),610,70,69.4,63.7,75.1,(±5.7),680,70,59.3,54.4,64.2,(±4.9),1103,70,65,59.6,70.4,(±5.4),799,70,66.2,58.7,73.7,(±7.5),1096,70,61.2,56.3,66.1,(±4.9),780,70,67.3,63.1,71.5,(±4.2),871,70,48.4,41.7,55.1,(±6.7),589,70,48.7,41.2,56.2,(±7.5),463,70,47.3,39.9,54.7,(±7.4),618,70,51.9,45.3,58.5,(±6.6),438,70,56.2,50.1,62.3,(±6.1),545,70,46.1,43.9,48.3,(±2.2),7909,70,45.3,43.5,47.1,(±1.8),8754,70,46.1,44.3,47.9,(±1.8),7697,70,40.4,38.6,42.2,(±1.8),5937,70,48.1,46.3,49.9,(±1.8),7325,70,40.4,37.9,42.9,(±2.5),5406,70,40.6,38.6,42.6,(±2.0),5807,70,40.9,38.7,43.1,(±2.2),4930,70,35.5,33.3,37.7,(±2.2),4008,70,42.7,40.5,44.9,(±2.2),4824,70,37.3,34,40.6,(±3.3),2898,70,36.6,34.1,39.1,(±2.5),3057,70,36.7,34,39.4,(±2.7),2522,70,32.6,30.1,35.1,(±2.5),2266,70,38.1,35.2,41,(±2.9),2752,70,47,43.9,50.1,(±3.1),2508,70,49.8,46.7,52.9,(±3.1),2750,70,50,46.9,53.1,(±3.1),2408,70,42,38.7,45.3,(±3.3),1742,70,52.6,49.7,55.5,(±2.9),2072,70,73,70.3,75.7,(±2.7),2503,70,66.9,64.5,69.3,(±2.4),2947,70,68.5,65.6,71.4,(±2.9),2767,70,61.8,58.5,65.1,(±3.3),1929,70,70.4,67.9,72.9,(±2.5),2501,70
Connecticut,52.8,50.5,55.1,(±2.3),8006,70,52.6,50.9,54.3,(±1.7),11758,70,52.7,51,54.4,(±1.7),11507,70,46.3,44.7,47.9,(±1.6),9648,70,56.8,54.7,58.9,(±2.1),9274,70,67.1,63.4,70.8,(±3.7),2175,70,70.5,67.1,73.9,(±3.4),2344,70,68.6,65.5,71.7,(±3.1),2827,70,71.3,67.9,74.7,(±3.4),2182,70,73.8,70.5,77.1,(±3.3),1804,70,82.8,76.8,88.8,(±6.0),610,70,89.3,85.2,93.4,(±4.1),706,70,84.5,80.2,88.8,(±4.3),794,70,83.4,78.1,88.7,(±5.3),648,70,87.6,82.8,92.4,(±4.8),527,70,70.5,64.8,76.2,(±5.7),983,70,70.9,65.9,75.9,(±5.0),1110,70,70.6,66.7,74.5,(±3.9),1377,70,74.9,70.2,79.6,(±4.7),1102,70,74.5,70.1,78.9,(±4.4),696,70,50.8,44.4,57.2,(±6.4),582,70,54.6,47.9,61.3,(±6.7),528,70,55.5,48.6,62.4,(±6.9),656,70,55.9,49,62.8,(±6.9),432,70,64.4,57.7,71.1,(±6.7),581,70,48.9,46.2,51.6,(±2.7),5831,70,47.8,45.8,49.8,(±2.0),9414,70,48.6,46.6,50.6,(±2.0),8680,70,39.7,37.9,41.5,(±1.8),7466,70,52.4,49.9,54.9,(±2.5),7470,70,43.3,40,46.6,(±3.3),3828,70,42.6,40.2,45,(±2.4),5764,70,43.6,41.2,46,(±2.4),5459,70,33.1,31.1,35.1,(±2.0),4631,70,45.8,42.7,48.9,(±3.1),4573,70,41.3,36.4,46.2,(±4.9),1867,70,36.5,33.4,39.6,(±3.1),2620,70,40.8,37.7,43.9,(±3.1),2421,70,27,24.5,29.5,(±2.5),2134,70,40.5,36,45,(±4.5),2152,70,47.2,43.7,50.7,(±3.5),1961,70,52,48.9,55.1,(±3.1),3144,70,47.9,45,50.8,(±2.9),3038,70,43.6,40.7,46.5,(±2.9),2497,70,53.8,50.7,56.9,(±3.1),2421,70,70.1,66.6,73.6,(±3.5),2003,70,66.7,64.3,69.1,(±2.4),3650,70,66.6,64.2,69,(±2.4),3221,70,63.1,60.4,65.8,(±2.7),2835,70,75.4,72.9,77.9,(±2.5),2897,70
Delaware,53.3,49.9,56.7,(±3.4),5041,70,50.5,47.6,53.4,(±2.9),5144,70,51.2,48.1,54.3,(±3.1),4687,70,47.6,45.7,49.5,(±1.9),6437,70,50.7,48,53.4,(±2.7),5758,70,66.2,61.8,70.6,(±4.4),2225,70,69.2,63.9,74.5,(±5.3),2089,70,65.4,60.9,69.9,(±4.5),2166,70,65.2,61.5,68.9,(±3.7),2282,70,66,62.9,69.1,(±3.1),2865,70,81.1,74.5,87.7,(±6.6),608,70,87.3,81.7,92.9,(±5.6),606,70,76.3,68.7,83.9,(±7.6),647,70,74.8,67.3,82.3,(±7.5),684,70,70.8,64.9,76.7,(±5.9),861,70,68.5,62.6,74.4,(±5.9),1124,70,69.9,61.5,78.3,(±8.4),941,70,63.5,57.4,69.6,(±6.1),931,70,67.5,62.9,72.1,(±4.6),1078,70,69.1,65.3,72.9,(±3.8),1473,70,50.1,41.4,58.8,(±8.7),493,70,52.7,45,60.4,(±7.7),542,70,58.4,50.7,66.1,(±7.7),588,70,53.8,46.2,61.4,(±7.6),520,70,57.5,51.1,63.9,(±6.4),531,70,49.8,45.7,53.9,(±4.1),2816,70,45.5,42.2,48.8,(±3.3),3055,70,47.5,43.8,51.2,(±3.7),2521,70,43,40.8,45.2,(±2.2),4155,70,46.8,43.5,50.1,(±3.3),2893,70,44,38.9,49.1,(±5.1),1791,70,39,35.1,42.9,(±3.9),1969,70,39.7,35.4,44,(±4.3),1607,70,36.4,33.7,39.1,(±2.7),2699,70,39.5,35.4,43.6,(±4.1),1873,70,43.1,35.8,50.4,(±7.3),874,70,33.4,28.1,38.7,(±5.3),992,70,32.5,27,38,(±5.5),886,70,30.5,27,34,(±3.5),1419,70,32.7,27.4,38,(±5.3),1043,70,45.6,40.1,51.1,(±5.5),917,70,48.8,43.7,53.9,(±5.1),977,70,52.8,46.1,59.5,(±6.7),721,70,47,43.3,50.7,(±3.7),1280,70,52.6,46.9,58.3,(±5.7),830,70,70.4,65.7,75.1,(±4.7),1025,70,68.2,63.5,72.9,(±4.7),1086,70,73.6,68.3,78.9,(±5.3),914,70,64.9,61.6,68.2,(±3.3),1456,70,70.1,64.8,75.4,(±5.3),1020,70
District of Columbia,46.7,43.5,49.9,(±3.2),4699,70,47.6,43.6,51.6,(±4.0),4624,70,48.3,45.3,51.3,(±3.0),5244,70,NR,NaN,NaN,NR,4122,70,NR,NaN,NaN,NR,NR,70,70.1,64.8,75.4,(±5.3),2722,70,69.9,65.1,74.7,(±4.8),2425,70,73.7,69.2,78.2,(±4.5),2638,70,69,65.8,72.2,(±3.2),2545,70,75.1,71.9,78.3,(±3.2),3331,70,77.5,70.8,84.2,(±6.7),895,70,76.9,66.9,86.9,(±10.0),833,70,83.8,78,89.6,(±5.8),862,70,77.4,72,82.8,(±5.4),807,70,78.9,72.8,85,(±6.1),1240,70,69.7,63.6,75.8,(±6.1),1202,70,67.8,61.9,73.7,(±5.9),1007,70,73.3,66.4,80.2,(±6.9),1085,70,68.9,64.2,73.6,(±4.7),1033,70,76.1,71.5,80.7,(±4.6),1534,70,60.2,46.8,73.6,(±13.4)‡,625,70,63.3,55.5,71.1,(±7.8),585,70,61,52.6,69.4,(±8.4),691,70,61.8,55.9,67.7,(±5.9),705,70,69,62.8,75.2,(±6.2),557,70,42.4,38.7,46.1,(±3.7),1977,70,43.3,38.6,48,(±4.7),2199,70,43.3,39.8,46.8,(±3.5),2606,70,NR,NaN,NaN,NR,1577,70,NR,NaN,NaN,NR,NR,70,39.7,35.4,44,(±4.3),1223,70,40.9,35.6,46.2,(±5.3),1255,70,39.4,35.3,43.5,(±4.1),1932,70,NR,NaN,NaN,NR,1109,70,NR,NaN,NaN,NR,NR,70,38.7,33.6,43.8,(±5.1),684,70,40.2,33.5,46.9,(±6.7),542,70,36,31.1,40.9,(±4.9),1169,70,NR,NaN,NaN,NR,686,70,NR,NaN,NaN,NR,NR,70,42.2,35.9,48.5,(±6.3),539,70,42.5,36,49,(±6.5),713,70,50.6,44.1,57.1,(±6.5),763,70,NR,NaN,NaN,NR,423,70,NR,NaN,NaN,NR,NR,70,59.1,54.6,63.6,(±4.5),754,70,56.2,48.8,63.6,(±7.4),944,70,65,58.5,71.5,(±6.5),674,70,NR,NaN,NaN,NR,468,70,NR,NaN,NaN,NR,NR,70
Florida,39.2,37.6,40.8,(±1.6),9449,70,39.5,38.1,40.9,(±1.4),15430,70,43.3,42,44.6,(±1.3),29185,70,35.6,33.9,37.3,(±1.7),13044,70,40.9,39.5,42.3,(±1.4),18806,70,48,44.3,51.7,(±3.7),2427,70,47.9,44.5,51.3,(±3.4),2354,70,56.7,53.2,60.2,(±3.5),3230,70,46.1,42.9,49.3,(±3.2),2888,70,54.5,51,58,(±3.5),3234,70,58.4,51.5,65.3,(±6.9),740,70,58.4,52.1,64.7,(±6.3),725,70,63.9,58,69.8,(±5.9),991,70,58.8,52.1,65.5,(±6.7),912,70,61.8,56.1,67.5,(±5.7),1120,70,48.8,43.8,53.8,(±5.0),1147,70,51.6,46.4,56.8,(±5.2),1015,70,56.9,51.8,62,(±5.1),1487,70,46.8,42.6,51,(±4.2),1279,70,56.1,50.8,61.4,(±5.3),1244,70,36.1,28.9,43.3,(±7.2),540,70,32.9,27.5,38.3,(±5.4),614,70,51.3,44.6,58,(±6.7),752,70,32.9,27,38.8,(±5.9),697,70,45.1,39.6,50.6,(±5.5),870,70,37.1,35.3,38.9,(±1.8),7022,70,37.5,35.9,39.1,(±1.6),13076,70,40.1,38.7,41.5,(±1.4),25955,70,33.1,31.1,35.1,(±2.0),10156,70,37.6,36,39.2,(±1.6),15572,70,28.9,26.7,31.1,(±2.2),3781,70,29.7,27.9,31.5,(±1.8),7698,70,30.9,29.3,32.5,(±1.6),15412,70,22.8,20.6,25,(±2.2),6029,70,28.4,26.6,30.2,(±1.8),9098,70,24.7,21.8,27.6,(±2.9),1815,70,25,22.6,27.4,(±2.4),3929,70,27.7,25.7,29.7,(±2.0),8084,70,16.9,14.5,19.3,(±2.4),3254,70,25.3,22.9,27.7,(±2.4),4929,70,36,32.7,39.3,(±3.3),1966,70,38.1,35.2,41,(±2.9),3769,70,36.6,34.1,39.1,(±2.5),7328,70,34.1,30,38.2,(±4.1),2775,70,33.9,31.2,36.6,(±2.7),4169,70,62,59.1,64.9,(±2.9),3241,70,60.6,58.1,63.1,(±2.5),5378,70,64,61.8,66.2,(±2.2),10543,70,61.6,58.5,64.7,(±3.1),4127,70,61.1,58.7,63.5,(±2.4),6474,70
Georgia,44.1,41.5,46.7,(±2.6),5898,70,41.2,39,43.4,(±2.2),5874,70,42.8,40.5,45.1,(±2.3),5679,70,38.7,37.2,40.2,(±1.5),9328,70,43.1,39.7,46.5,(±3.4),7319,70,58,54.1,61.9,(±3.9),2472,70,51.3,48,54.6,(±3.3),2466,70,54.4,50.8,58,(±3.6),2769,70,51.3,48.4,54.2,(±2.9),2776,70,55.5,52.7,58.3,(±2.8),3212,70,71.2,60.7,81.7,(±10.5)‡,716,70,61.9,56.2,67.6,(±5.7),788,70,63.3,56.3,70.3,(±7.0),889,70,63.6,58.5,68.7,(±5.1),876,70,65.9,61.1,70.7,(±4.8),1051,70,61.6,56.4,66.8,(±5.2),1145,70,50.7,46.3,55.1,(±4.4),1131,70,56.6,51.4,61.8,(±5.2),1330,70,51,47,55,(±4.0),1292,70,57.2,53.4,61,(±3.8),1528,70,43.1,37.1,49.1,(±6.0),611,70,43.2,36.6,49.8,(±6.6),547,70,41.2,35.4,47,(±5.8),550,70,40.8,35.1,46.5,(±5.7),608,70,43.7,37.9,49.5,(±5.8),633,70,39.7,36.6,42.8,(±3.1),3426,70,38,35.3,40.7,(±2.7),3408,70,39.2,36.5,41.9,(±2.7),2910,70,34.8,33,36.6,(±1.8),6552,70,39.3,35,43.6,(±4.3),4107,70,34.7,31.2,38.2,(±3.5),2172,70,32.9,29.8,36,(±3.1),2140,70,33.5,30.4,36.6,(±3.1),1875,70,28.9,26.9,30.9,(±2.0),4399,70,34.9,30,39.8,(±4.9),2805,70,30.9,26.4,35.4,(±4.5),1095,70,30,25.9,34.1,(±4.1),1102,70,29.6,25.9,33.3,(±3.7),1092,70,24.4,22,26.8,(±2.4),2558,70,30.5,25,36,(±5.5),1667,70,43,37.5,48.5,(±5.5),1077,70,39.3,35.2,43.4,(±4.1),1038,70,42.3,36.8,47.8,(±5.5),783,70,39.2,36.3,42.1,(±2.9),1841,70,43.4,34.4,52.4,(±9.0),1138,70,62.8,58.7,66.9,(±4.1),1254,70,62.6,58.1,67.1,(±4.5),1268,70,64.8,59.7,69.9,(±5.1),1035,70,60.3,56.6,64,(±3.7),2153,70,58.4,50.8,66,(±7.6),1302,70
Hawaii,52,49.7,54.3,(±2.3),7767,70,50.2,46.4,54,(±3.8),7604,70,49.2,47,51.4,(±2.2),8487,70,43.2,41.2,45.2,(±2.0),7481,70,50.2,48,52.4,(±2.2),8433,70,74.4,70.7,78.1,(±3.7),2324,70,71.8,67.8,75.8,(±4.0),2126,70,60.6,56.3,64.9,(±4.3),2415,70,61,56.4,65.6,(±4.6),1995,70,61.8,57.8,65.8,(±4.0),2313,70,73,66.2,79.8,(±6.8),682,70,81.1,74,88.2,(±7.1),656,70,65.6,58.1,73.1,(±7.5),758,70,65.4,57.4,73.4,(±8.0),608,70,63.2,54.1,72.3,(±9.1),723,70,81.3,76.8,85.8,(±4.5),1095,70,71.5,66.3,76.7,(±5.2),964,70,65.6,59.5,71.7,(±6.1),1103,70,63.6,57.5,69.7,(±6.1),857,70,62.7,57.3,68.1,(±5.4),1024,70,61.7,52.8,70.6,(±8.9),547,70,61.3,54.5,68.1,(±6.8),506,70,50.1,42.5,57.7,(±7.6),554,70,52.9,44.2,61.6,(±8.7),530,70,58.9,51.9,65.9,(±7.0),566,70,46.1,43.4,48.8,(±2.7),5443,70,44.5,39.8,49.2,(±4.7),5478,70,46.2,43.7,48.7,(±2.5),6072,70,38.5,36.3,40.7,(±2.2),5486,70,47.2,44.7,49.7,(±2.5),6120,70,39.6,36.3,42.9,(±3.3),3684,70,39,32.9,45.1,(±6.1),3625,70,40.5,37.8,43.2,(±2.7),4062,70,32.7,30.3,35.1,(±2.4),3636,70,41.2,38.3,44.1,(±2.9),3910,70,33.7,29.4,38,(±4.3),1991,70,36.9,27.9,45.9,(±9.0),1888,70,36.6,33.1,40.1,(±3.5),2245,70,30.1,27,33.2,(±3.1),2074,70,38.1,34.4,41.8,(±3.7),2256,70,50.5,45.4,55.6,(±5.1),1693,70,43.4,37.9,48.9,(±5.5),1737,70,48.9,44.2,53.6,(±4.7),1817,70,38.4,34.5,42.3,(±3.9),1562,70,47.8,43.3,52.3,(±4.5),1654,70,69.2,65.7,72.7,(±3.5),1759,70,64.1,60.4,67.8,(±3.7),1853,70,66.2,61.1,71.3,(±5.1),2010,70,57.2,53.3,61.1,(±3.9),1850,70,66.8,62.7,70.9,(±4.1),2210,70
Idaho,42.2,40,44.4,(±2.2),5784,70,39.2,37.2,41.2,(±2.0),6052,70,39.5,37.3,41.7,(±2.2),5946,70,37,34.7,39.3,(±2.3),4391,70,43.6,40.9,46.3,(±2.7),3728,70,50.3,46.2,54.4,(±4.1),1815,70,45.4,40.6,50.2,(±4.8),1669,70,46.7,42.1,51.3,(±4.6),1743,70,48,43.7,52.3,(±4.3),1682,70,50.3,45.8,54.8,(±4.5),1617,70,66.4,59.4,73.4,(±7.0),506,70,53.8,45.6,62,(±8.2),493,70,61,52,70,(±9.0),526,70,67.2,60,74.4,(±7.2),487,70,69.9,58.5,81.3,(±11.4)‡,497,70,52.2,46.8,57.6,(±5.4),827,70,47.5,40,55,(±7.5),702,70,48.1,41.1,55.1,(±7.0),684,70,44.8,38.3,51.3,(±6.5),625,70,50.5,44.7,56.3,(±5.8),684,70,31.2,25.3,37.1,(±5.9),482,70,35,27.5,42.5,(±7.5),474,70,35,28.1,41.9,(±6.9),533,70,37.7,31.4,44,(±6.3),570,70,36.2,29.7,42.7,(±6.5),436,70,39.4,36.9,41.9,(±2.5),3969,70,37.1,34.9,39.3,(±2.2),4383,70,37.1,34.6,39.6,(±2.5),4203,70,33.3,30.6,36,(±2.7),2709,70,41.4,38.1,44.7,(±3.3),2111,70,33.8,30.9,36.7,(±2.9),2497,70,32.6,30.1,35.1,(±2.5),2750,70,31.1,28.2,34,(±2.9),2615,70,27.9,24.8,31,(±3.1),1700,70,34.3,30.4,38.2,(±3.9),1366,70,30.7,26.6,34.8,(±4.1),1284,70,28.9,25.6,32.2,(±3.3),1413,70,28.3,24.4,32.2,(±3.9),1374,70,25.4,21.5,29.3,(±3.9),992,70,30.6,25.7,35.5,(±4.9),816,70,40.2,36.3,44.1,(±3.9),1213,70,40.6,36.9,44.3,(±3.7),1337,70,37.4,33.5,41.3,(±3.9),1241,70,33.4,28.3,38.5,(±5.1),708,70,42.1,35.4,48.8,(±6.7),550,70,61.9,58.6,65.2,(±3.3),1472,70,54.9,51.6,58.2,(±3.3),1633,70,60.3,56.8,63.8,(±3.5),1588,70,53.4,48.7,58.1,(±4.7),1009,70,66.4,61.1,71.7,(±5.3),745,70
Illinois,41.9,40.1,43.7,(±1.8),8915,70,42.9,40.7,45.1,(±2.2),7893,70,41.8,39.3,44.3,(±2.5),6936,70,39.9,38.3,41.5,(±1.6),8472,70,45.4,43.5,47.3,(±1.9),8441,70,52.9,50.4,55.4,(±2.5),4739,70,55.3,52.4,58.2,(±2.9),4387,70,55.3,52.6,58,(±2.7),4601,70,54.9,52.4,57.4,(±2.5),4184,70,60.1,57.7,62.5,(±2.4),4540,70,67.7,62.8,72.6,(±4.9),1377,70,65.9,60.2,71.6,(±5.7),1347,70,68.5,63.6,73.4,(±4.9),1361,70,70,65.1,74.9,(±4.9),1259,70,73.1,68.6,77.6,(±4.5),1468,70,53.3,49.8,56.8,(±3.5),2207,70,56.6,52.6,60.6,(±4.0),1832,70,54.7,51.3,58.1,(±3.4),2069,70,55.4,51.9,58.9,(±3.5),1733,70,60.8,57.5,64.1,(±3.3),1864,70,41.1,36.6,45.6,(±4.5),1155,70,43.2,38,48.4,(±5.2),1208,70,45.7,40.6,50.8,(±5.1),1171,70,43.9,39.8,48,(±4.1),1192,70,48.4,44,52.8,(±4.4),1208,70,38.7,36.5,40.9,(±2.2),4176,70,39.3,36.6,42,(±2.7),3506,70,38,34.9,41.1,(±3.1),2335,70,35.6,33.6,37.6,(±2.0),4288,70,41.3,38.9,43.7,(±2.4),3901,70,33.9,31.4,36.4,(±2.5),2805,70,34.8,31.7,37.9,(±3.1),2338,70,32.2,28.7,35.7,(±3.5),1537,70,28.8,26.6,31,(±2.2),2839,70,34.7,32,37.4,(±2.7),2768,70,30,26.7,33.3,(±3.3),1559,70,32.5,28.4,36.6,(±4.1),1302,70,27.6,23.5,31.7,(±4.1),881,70,25,22.3,27.7,(±2.7),1628,70,31.5,28,35,(±3.5),1683,70,42.5,38.6,46.4,(±3.9),1246,70,39.6,35.3,43.9,(±4.3),1036,70,41.2,35.1,47.3,(±6.1),656,70,36.4,32.7,40.1,(±3.7),1211,70,41.3,37,45.6,(±4.3),1085,70,60.1,56.6,63.6,(±3.5),1371,70,59.3,54.6,64,(±4.7),1168,70,62.3,56.6,68,(±5.7),798,70,62.4,57.7,67.1,(±4.7),1449,70,67.4,62.9,71.9,(±4.5),1133,70
Indiana,44.7,42.4,47,(±2.3),8699,70,43.2,41.5,44.9,(±1.7),6760,70,43.6,42.1,45.1,(±1.5),11326,70,37,35.4,38.6,(±1.6),9863,70,47.9,46.3,49.5,(±1.6),9254,70,53.2,49.3,57.1,(±3.9),2145,70,51.6,47.9,55.3,(±3.7),1938,70,55.2,51.6,58.8,(±3.6),2291,70,51.7,48.3,55.1,(±3.4),2007,70,56.6,53.2,60,(±3.4),2533,70,63.8,56.1,71.5,(±7.7),638,70,59.9,52.2,67.6,(±7.7),575,70,68.4,62.2,74.6,(±6.2),697,70,62.4,56.6,68.2,(±5.8),648,70,64.4,58.8,70,(±5.6),825,70,53.4,48.1,58.7,(±5.3),1038,70,54.8,49.8,59.8,(±5.0),845,70,57,51.8,62.2,(±5.2),1045,70,55,50.1,59.9,(±4.9),905,70,57.1,52.6,61.6,(±4.5),1157,70,41.9,34.5,49.3,(±7.4),469,70,40.3,34,46.6,(±6.3),518,70,41.4,34.1,48.7,(±7.3),549,70,37.2,30.9,43.5,(±6.3),454,70,50.2,42,58.4,(±8.2),551,70,42.1,39.4,44.8,(±2.7),6554,70,40.7,38.7,42.7,(±2.0),4822,70,40.2,38.6,41.8,(±1.6),9035,70,32.6,30.8,34.4,(±1.8),7856,70,45.3,43.5,47.1,(±1.8),6721,70,36.6,33.5,39.7,(±3.1),3963,70,35.3,32.9,37.7,(±2.4),2938,70,35.1,33.1,37.1,(±2.0),5349,70,27.4,25.4,29.4,(±2.0),4806,70,39.1,36.9,41.3,(±2.2),4078,70,30.9,26.6,35.2,(±4.3),1800,70,30.6,27.7,33.5,(±2.9),1448,70,30,27.5,32.5,(±2.5),2546,70,23.5,20.8,26.2,(±2.7),2403,70,33,30.3,35.7,(±2.7),2120,70,47.4,43.1,51.7,(±4.3),2163,70,44.4,41.1,47.7,(±3.3),1490,70,45.2,42.5,47.9,(±2.7),2803,70,35.3,32.4,38.2,(±2.9),2403,70,50.9,47.8,54,(±3.1),1958,70,64.3,60.8,67.8,(±3.5),2591,70,62.1,59.2,65,(±2.9),1884,70,60,57.5,62.5,(±2.5),3686,70,52.5,49.6,55.4,(±2.9),3050,70,67.6,64.9,70.3,(±2.7),2643,70
Iowa,53.8,51.9,55.7,(±1.9),7171,70,51.8,50.1,53.5,(±1.7),7436,70,51.3,49.5,53.1,(±1.8),8060,70,47.1,45.6,48.6,(±1.5),7712,70,54.8,53.3,56.3,(±1.5),8797,70,57.4,53.6,61.2,(±3.8),1943,70,59.1,55.7,62.5,(±3.4),2242,70,58.7,54.7,62.7,(±4.0),2043,70,58.9,54.8,63,(±4.1),1364,70,65.8,62.2,69.4,(±3.6),1717,70,72.3,64.4,80.2,(±7.9),570,70,71,64.9,77.1,(±6.1),671,70,71.6,64.6,78.6,(±7.0),597,70,68.6,61.7,75.5,(±6.9),458,70,77.2,72,82.4,(±5.2),566,70,56.5,51.2,61.8,(±5.3),897,70,60.6,56,65.2,(±4.6),1040,70,62.5,56.9,68.1,(±5.6),915,70,59.7,53.9,65.5,(±5.8),548,70,67.7,62.7,72.7,(±5.0),704,70,45.3,39,51.6,(±6.3),476,70,46.8,40.3,53.3,(±6.5),531,70,44,36.9,51.1,(±7.1),531,70,48.2,40.9,55.5,(±7.3),358,70,53.4,45.9,60.9,(±7.5),447,70,52.7,50.5,54.9,(±2.2),5228,70,49.7,47.7,51.7,(±2.0),5194,70,49.1,47.1,51.1,(±2.0),6017,70,43.6,42,45.2,(±1.6),6348,70,51.6,50,53.2,(±1.6),7080,70,46,43.5,48.5,(±2.5),3215,70,43.3,40.9,45.7,(±2.4),3294,70,43.6,41.4,45.8,(±2.2),3902,70,37.2,35.4,39,(±1.8),4267,70,45.4,43.4,47.4,(±2.0),4722,70,40.9,37.4,44.4,(±3.5),1616,70,38.5,35.4,41.6,(±3.1),1616,70,40.1,37.2,43,(±2.9),2147,70,33.4,31,35.8,(±2.4),2384,70,41,38.6,43.4,(±2.4),2751,70,55.6,52.3,58.9,(±3.3),1599,70,52.3,48.8,55.8,(±3.5),1678,70,50.8,47.9,53.7,(±2.9),1755,70,45.1,42.4,47.8,(±2.7),1883,70,54.5,51.6,57.4,(±2.9),1971,70,76.5,73.4,79.6,(±3.1),2013,70,73.5,70.8,76.2,(±2.7),1900,70,68.8,65.9,71.7,(±2.9),2115,70,65.2,62.7,67.7,(±2.5),2081,70,72.4,69.9,74.9,(±2.5),2358,70
Kansas,48,46.6,49.4,(±1.4),15833,70,44.4,42.9,45.9,(±1.5),12767,70,43.9,42.4,45.4,(±1.5),11878,70,41.1,39.6,42.6,(±1.5),13771,70,50.7,49.1,52.3,(±1.6),10097,70,55.5,50.9,60.1,(±4.6),1766,70,55.6,51.5,59.7,(±4.1),1675,70,54.7,50.1,59.3,(±4.6),1807,70,53.2,48.8,57.6,(±4.4),1471,70,63.3,59.4,67.2,(±3.9),2369,70,73,66,80,(±7.0),488,70,70.2,63.3,77.1,(±6.9),509,70,73.4,65.1,81.7,(±8.3),534,70,60.9,53.1,68.7,(±7.8),440,70,74.5,67.1,81.9,(±7.4),752,70,57.9,52.3,63.5,(±5.6),780,70,58.7,52.3,65.1,(±6.4),670,70,52.1,45.8,58.4,(±6.3),711,70,57.3,51.1,63.5,(±6.2),589,70,64.1,58.5,69.7,(±5.6),929,70,39.7,32,47.4,(±7.7),498,70,39.5,33.1,45.9,(±6.4),496,70,42.1,35.4,48.8,(±6.7),562,70,40,32.8,47.2,(±7.2),442,70,51.4,44.8,58,(±6.6),688,70,45.6,44.4,46.8,(±1.2),14067,70,40.9,39.3,42.5,(±1.6),11092,70,40.5,39.1,41.9,(±1.4),10071,70,37.3,35.9,38.7,(±1.4),12300,70,46.8,45,48.6,(±1.8),7728,70,40,38.6,41.4,(±1.4),9489,70,35.6,33.8,37.4,(±1.8),7217,70,36.1,34.5,37.7,(±1.6),6558,70,31.4,29.8,33,(±1.6),7934,70,41,39,43,(±2.0),4867,70,36.2,34.2,38.2,(±2.0),5059,70,31.9,29.5,34.3,(±2.4),3739,70,33.1,30.9,35.3,(±2.2),3465,70,27.4,25.2,29.6,(±2.2),4226,70,37.5,35,40,(±2.5),2670,70,47.5,45.3,49.7,(±2.2),4430,70,43.2,40.7,45.7,(±2.5),3478,70,42.3,39.9,44.7,(±2.4),3093,70,39.8,37.4,42.2,(±2.4),3708,70,48.4,45.1,51.7,(±3.3),2197,70,68.1,66.3,69.9,(±1.8),4578,70,62.4,60,64.8,(±2.4),3875,70,57.6,55.4,59.8,(±2.2),3513,70,60,57.8,62.2,(±2.2),4366,70,68,65.6,70.4,(±2.4),2861,70
Kentucky,48.3,46.2,50.4,(±2.1),8849,70,44.2,42.5,45.9,(±1.7),8733,70,45,43.1,46.9,(±1.9),8883,70,44.1,42.2,46,(±1.9),8375,70,49.6,47.4,51.8,(±2.2),5619,70,51.2,47.6,54.8,(±3.6),2037,70,51.7,47.9,55.5,(±3.8),1934,70,50.3,46.5,54.1,(±3.8),2151,70,55.3,51.2,59.4,(±4.1),1748,70,64.8,60.4,69.2,(±4.4),1657,70,60.1,52.7,67.5,(±7.4),602,70,59.7,53,66.4,(±6.7),609,70,62.5,55.1,69.9,(±7.4),660,70,68.3,59.2,77.4,(±9.1),554,70,71.4,63.4,79.4,(±8.0),517,70,51.1,46.1,56.1,(±5.0),964,70,50.9,45.7,56.1,(±5.2),864,70,53.7,48.1,59.3,(±5.6),905,70,52.2,46.3,58.1,(±5.9),719,70,65.3,58.3,72.3,(±7.0),663,70,43.7,37.4,50,(±6.3),471,70,45.3,38.1,52.5,(±7.2),461,70,35.6,29.7,41.5,(±5.9),586,70,49.5,43.2,55.8,(±6.3),475,70,58.5,52.3,64.7,(±6.2),477,70,47.5,45,50,(±2.5),6812,70,42.1,40.1,44.1,(±2.0),6799,70,43.5,41.3,45.7,(±2.2),6732,70,40.9,38.7,43.1,(±2.2),6627,70,45.4,42.9,47.9,(±2.5),3962,70,41,38.1,43.9,(±2.9),4262,70,35.9,33.7,38.1,(±2.2),4664,70,37.8,35.3,40.3,(±2.5),4491,70,34.1,31.7,36.5,(±2.4),4553,70,39.7,36.6,42.8,(±3.1),2583,70,35.2,31.3,39.1,(±3.9),1893,70,31.9,29,34.8,(±2.9),2383,70,33.3,29.8,36.8,(±3.5),2321,70,28,25.3,30.7,(±2.7),2438,70,36.5,32.4,40.6,(±4.1),1370,70,51.6,47.7,55.5,(±3.9),2369,70,43.4,40.3,46.5,(±3.1),2281,70,46.7,43.2,50.2,(±3.5),2170,70,46.7,42,51.4,(±4.7),2115,70,46.1,41.6,50.6,(±4.5),1213,70,73.9,70.8,77,(±3.1),2550,70,66,62.9,69.1,(±3.1),2135,70,64.3,60.6,68,(±3.7),2241,70,66.9,61.8,72,(±5.1),2074,70,66,61.9,70.1,(±4.1),1379,70
Louisiana,44.7,42.1,47.3,(±2.6),5428,70,44,41.3,46.7,(±2.7),6240,70,41.6,39.6,43.6,(±2.0),7098,70,35.3,32.7,37.9,(±2.6),4291,70,41.6,39.3,43.9,(±2.3),5407,70,58.8,54.9,62.7,(±3.9),2126,70,57.2,53,61.4,(±4.2),2208,70,57.1,53.6,60.6,(±3.5),2622,70,55.6,52,59.2,(±3.6),2267,70,56.5,53,60,(±3.5),2368,70,70.8,63.4,78.2,(±7.4),631,70,64.6,56.1,73.1,(±8.5),626,70,65.3,59.3,71.3,(±6.0),875,70,63.5,56.8,70.2,(±6.7),736,70,68,62,74,(±6.0),851,70,57.5,52.1,62.9,(±5.4),927,70,59.5,53.3,65.7,(±6.2),965,70,59.7,54.6,64.8,(±5.1),1119,70,54.5,49.8,59.2,(±4.7),985,70,54.4,49.1,59.7,(±5.3),856,70,51.3,44.6,58,(±6.7),568,70,47.4,41.6,53.2,(±5.8),617,70,46.5,40,53,(±6.5),628,70,50.4,42.7,58.1,(±7.7),546,70,49.6,43.4,55.8,(±6.2),661,70,40.4,37.3,43.5,(±3.1),3302,70,40,36.7,43.3,(±3.3),4032,70,37,34.6,39.4,(±2.4),4476,70,29.2,26.1,32.3,(±3.1),2024,70,37.2,34.5,39.9,(±2.7),3039,70,36.2,32.7,39.7,(±3.5),2322,70,35.5,31.6,39.4,(±3.9),2436,70,31.8,29.1,34.5,(±2.7),2841,70,25.3,22,28.6,(±3.3),1491,70,30.7,27.8,33.6,(±2.9),2150,70,31.7,27.2,36.2,(±4.5),1294,70,32.5,26.8,38.2,(±5.7),1124,70,28.4,24.9,31.9,(±3.5),1443,70,20.3,16.2,24.4,(±4.1),846,70,24.1,20.8,27.4,(±3.3),1225,70,46.5,40.6,52.4,(±5.9),1028,70,41.2,36.5,45.9,(±4.7),1312,70,39,35.1,42.9,(±3.9),1398,70,36.5,30.8,42.2,(±5.7),645,70,43.5,38.4,48.6,(±5.1),925,70,59.6,54.5,64.7,(±5.1),980,70,58.4,54.5,62.3,(±3.9),1596,70,57.9,54,61.8,(±3.9),1635,70,45.1,38.4,51.8,(±6.7),533,70,64.3,59.4,69.2,(±4.9),889,70
Maine,49.5,47.9,51.1,(±1.6),9164,70,49,47.3,50.7,(±1.7),9654,70,49.9,48.1,51.7,(±1.8),10018,70,41.2,39.6,42.8,(±1.6),9298,70,48.8,47.1,50.5,(±1.7),10246,70,62.8,58.6,67,(±4.2),2165,70,60.4,55.9,64.9,(±4.5),2182,70,61.6,57.6,65.6,(±4.0),2453,70,59.7,56.2,63.2,(±3.5),2219,70,62.9,59.8,66,(±3.1),2363,70,67.9,59.6,76.2,(±8.3),589,70,66.5,58.4,74.6,(±8.1),615,70,71.8,65.6,78,(±6.2),785,70,74,68.2,79.8,(±5.8),664,70,71.5,66.1,76.9,(±5.4),695,70,67.3,62.7,71.9,(±4.6),1060,70,60.8,54,67.6,(±6.8),1023,70,62.6,56.5,68.7,(±6.1),1166,70,62,57.7,66.3,(±4.3),1099,70,63.3,59,67.6,(±4.3),1106,70,54.1,45.4,62.8,(±8.7),516,70,55.7,48.2,63.2,(±7.5),544,70,52.8,46.2,59.4,(±6.6),502,70,46.4,38.8,54,(±7.6),456,70,55.4,49.6,61.2,(±5.8),562,70,46.3,44.5,48.1,(±1.8),6999,70,46.3,44.5,48.1,(±1.8),7472,70,47.2,45.2,49.2,(±2.0),7565,70,36.9,35.1,38.7,(±1.8),7079,70,45.6,43.6,47.6,(±2.0),7883,70,39.2,37,41.4,(±2.2),4373,70,39.8,37.6,42,(±2.2),4631,70,40.1,37.7,42.5,(±2.4),4626,70,31.4,29,33.8,(±2.4),4119,70,38.2,35.7,40.7,(±2.5),4166,70,33,30.1,35.9,(±2.9),1921,70,32.9,30,35.8,(±2.9),2097,70,34.4,31.1,37.7,(±3.3),2062,70,28.7,25.4,32,(±3.3),1892,70,31.4,28.1,34.7,(±3.3),1749,70,48.6,45.9,51.3,(±2.7),2452,70,50,47.3,52.7,(±2.7),2534,70,48.3,45.2,51.4,(±3.1),2564,70,35.7,32.8,38.6,(±2.9),2227,70,48.6,45.3,51.9,(±3.3),2417,70,69.3,66,72.6,(±3.3),2626,70,67.2,64.7,69.7,(±2.5),2841,70,68.7,66.2,71.2,(±2.5),2939,70,53.5,51,56,(±2.5),2960,70,67.5,65,70,(±2.5),3717,70
Maryland,52.1,50.1,54.1,(±2.0),12185,70,51.7,50.2,53.2,(±1.5),14683,70,53.5,51.7,55.3,(±1.8),15289,70,49.3,47.9,50.7,(±1.4),14178,70,57.1,55.6,58.6,(±1.5),16938,70,64.5,58.6,70.4,(±5.9),2959,70,72.8,68.7,76.9,(±4.1),2782,70,68.5,63.5,73.5,(±5.0),3175,70,67.5,64.3,70.7,(±3.2),3006,70,74.5,71.6,77.4,(±2.9),4410,70,76,67.1,84.9,(±8.9),913,70,82.5,76.1,88.9,(±6.4),869,70,73.5,66.7,80.3,(±6.8),949,70,75.5,70.4,80.6,(±5.1),944,70,82,76.8,87.2,(±5.2),1534,70,68.7,62.4,75,(±6.3),1387,70,72.7,66.5,78.9,(±6.2),1262,70,71,63.7,78.3,(±7.3),1471,70,69.1,64.4,73.8,(±4.7),1272,70,74.9,71.3,78.5,(±3.6),2064,70,47.8,36.9,58.7,(±10.9)‡,659,70,64.1,56.6,71.6,(±7.5),651,70,60.3,52.5,68.1,(±7.8),755,70,57.1,50.6,63.6,(±6.5),790,70,63.4,57.8,69,(±5.6),812,70,48.6,46.6,50.6,(±2.0),9226,70,45.8,44.2,47.4,(±1.6),11901,70,49.3,47.5,51.1,(±1.8),12114,70,44.2,42.6,45.8,(±1.6),11172,70,52.3,50.5,54.1,(±1.8),12528,70,44.3,41.9,46.7,(±2.4),5636,70,41.5,39.5,43.5,(±2.0),7468,70,43.5,41.3,45.7,(±2.2),7349,70,39.3,37.5,41.1,(±1.8),6495,70,47.2,45.2,49.2,(±2.0),7271,70,40.6,37.3,43.9,(±3.3),2571,70,37.5,35,40,(±2.5),3511,70,39,36.1,41.9,(±2.9),3348,70,35.5,33,38,(±2.5),2954,70,43.6,40.7,46.5,(±2.9),3338,70,51.6,48.7,54.5,(±2.9),3065,70,50,47.6,52.4,(±2.4),3957,70,52,49.3,54.7,(±2.7),4001,70,46.2,43.8,48.6,(±2.4),3541,70,53.1,50.6,55.6,(±2.5),3933,70,66.6,64.1,69.1,(±2.5),3590,70,64.3,62.1,66.5,(±2.2),4433,70,71.8,69.4,74.2,(±2.4),4765,70,63.8,61.8,65.8,(±2.0),4677,70,72.7,70.7,74.7,(±2.0),5257,70
Massachusetts,54.9,52.5,57.3,(±2.4),11895,70,50.4,47.7,53.1,(±2.7),7863,70,50.3,48.1,52.5,(±2.2),8972,70,49.7,47.7,51.7,(±2.0),7426,70,58.9,57,60.8,(±1.9),7770,70,76.1,72.8,79.4,(±3.3),2142,70,75.1,71.9,78.3,(±3.2),2656,70,71.9,68.3,75.5,(±3.6),2874,70,73.8,70.4,77.2,(±3.4),2034,70,81.1,77.8,84.4,(±3.3),2060,70,81,75.6,86.4,(±5.4),657,70,84.6,78.4,90.8,(±6.2),816,70,82,77.2,86.8,(±4.8),937,70,75.5,70,81,(±5.5),664,70,87.7,82.3,93.1,(±5.4),727,70,77.5,72.4,82.6,(±5.1),1007,70,78.9,74.5,83.3,(±4.4),1223,70,71.3,66.3,76.3,(±5.0),1316,70,74.1,69.4,78.8,(±4.7),906,70,81.5,76,87,(±5.5),776,70,70.9,64.6,77.2,(±6.3),478,70,62.6,56.9,68.3,(±5.7),617,70,64.5,56.7,72.3,(±7.8),621,70,72.4,65.8,79,(±6.6),464,70,75.6,70.3,80.9,(±5.3),557,70,49.5,46.6,52.4,(±2.9),9753,70,44.1,40.8,47.4,(±3.3),5207,70,45,42.5,47.5,(±2.5),6098,70,43.7,41.3,46.1,(±2.4),5392,70,53.5,51.3,55.7,(±2.2),5710,70,45,41.5,48.5,(±3.5),6429,70,40.1,36.4,43.8,(±3.7),3673,70,41.3,38.2,44.4,(±3.1),3982,70,39.9,37.2,42.6,(±2.7),3478,70,48.1,45.6,50.6,(±2.5),3921,70,41,36.3,45.7,(±4.7),3298,70,37,32.5,41.5,(±4.5),2093,70,38.2,34.3,42.1,(±3.9),2122,70,36.8,33.5,40.1,(±3.3),1841,70,45,41.7,48.3,(±3.3),2266,70,53,47.3,58.7,(±5.7),3131,70,46.4,40.3,52.5,(±6.1),1580,70,47.4,42.7,52.1,(±4.7),1860,70,45.8,41.3,50.3,(±4.5),1637,70,54.3,50.6,58,(±3.7),1655,70,67.3,63,71.6,(±4.3),3324,70,59.5,54,65,(±5.5),1534,70,59.3,54.4,64.2,(±4.9),2116,70,57.5,52.2,62.8,(±5.3),1914,70,72.1,68.6,75.6,(±3.5),1789,70
Michigan,44.3,42.6,46,(±1.7),7761,70,42.2,40.5,43.9,(±1.7),9405,70,44.2,42.5,45.9,(±1.7),10029,70,39.5,37.9,41.1,(±1.6),7542,70,46.1,44.4,47.8,(±1.7),9132,70,52.6,48.7,56.5,(±3.9),1963,70,55.5,51.1,59.9,(±4.4),1632,70,55.7,50.3,61.1,(±5.4),2074,70,54,50.4,57.6,(±3.6),1836,70,56.7,53.1,60.3,(±3.6),2266,70,65.2,58.3,72.1,(±6.9),603,70,68.1,60.4,75.8,(±7.7),551,70,63.6,56.4,70.8,(±7.2),631,70,59,52.9,65.1,(±6.1),595,70,71.9,66,77.8,(±5.9),809,70,52.1,46.2,58,(±5.9),891,70,59.1,52.4,65.8,(±6.7),639,70,53.9,48.4,59.4,(±5.5),852,70,57.9,52.5,63.3,(±5.4),767,70,56.5,50.6,62.4,(±5.9),906,70,42.4,35.5,49.3,(±6.9),469,70,39.5,32.9,46.1,(±6.6),442,70,53.3,41.1,65.5,(±12.2)‡,591,70,43.5,37.2,49.8,(±6.3),474,70,44.5,38.8,50.2,(±5.7),551,70,42,40,44,(±2.0),5798,70,38.5,36.7,40.3,(±1.8),7773,70,41.1,39.5,42.7,(±1.6),7955,70,35.5,33.7,37.3,(±1.8),5706,70,43.3,41.3,45.3,(±2.0),6866,70,35.7,33.3,38.1,(±2.4),3833,70,33.1,31.1,35.1,(±2.0),5398,70,35.1,33.1,37.1,(±2.0),5025,70,29.5,27.5,31.5,(±2.0),3769,70,37.1,34.9,39.3,(±2.2),4494,70,30.5,27.2,33.8,(±3.3),1956,70,28.3,25.8,30.8,(±2.5),2932,70,31.1,28.6,33.6,(±2.5),2649,70,24.8,22.3,27.3,(±2.5),2137,70,31,28.3,33.7,(±2.7),2573,70,44.5,41.4,47.6,(±3.1),1877,70,42,39.1,44.9,(±2.9),2466,70,41.9,39.2,44.6,(±2.7),2376,70,38.4,35.3,41.5,(±3.1),1632,70,48.4,45.1,51.7,(±3.3),1921,70,65.7,62.4,69,(±3.3),1965,70,59.5,56.4,62.6,(±3.1),2375,70,62.6,60.1,65.1,(±2.5),2930,70,56.3,53,59.6,(±3.3),1937,70,65.6,62.5,68.7,(±3.1),2372,70
Minnesota,51.9,50.6,53.2,(±1.3),16204,70,49.7,48.4,51,(±1.3),13846,70,51.7,50.2,53.2,(±1.5),12263,70,48.4,47,49.8,(±1.4),17022,70,52.7,51.1,54.3,(±1.6),10694,70,60.8,57.2,64.4,(±3.6),2115,70,60.8,57.7,63.9,(±3.1),2447,70,60,56.3,63.7,(±3.7),2354,70,61.9,57.5,66.3,(±4.4),1702,70,64.2,60.5,67.9,(±3.7),1744,70,68.7,62.6,74.8,(±6.1),613,70,73.2,67.8,78.6,(±5.4),757,70,75.3,69.2,81.4,(±6.1),782,70,74.6,65.9,83.3,(±8.7),524,70,75.1,68.7,81.5,(±6.4),551,70,65.9,61,70.8,(±4.9),1023,70,63.4,58.8,68,(±4.6),1014,70,60.2,54.7,65.7,(±5.5),1031,70,65.3,59,71.6,(±6.3),659,70,65.1,59.8,70.4,(±5.3),703,70,48.6,41.9,55.3,(±6.7),479,70,48.2,42.8,53.6,(±5.4),676,70,46.1,39.4,52.8,(±6.7),541,70,49.9,42.1,57.7,(±7.8),519,70,55.9,49.4,62.4,(±6.5),490,70,49.3,47.9,50.7,(±1.4),14089,70,46.5,45.1,47.9,(±1.4),11399,70,49.3,47.7,50.9,(±1.6),9909,70,44.5,43.3,45.7,(±1.2),15320,70,49.4,47.6,51.2,(±1.8),8950,70,44.2,42.6,45.8,(±1.6),9702,70,41.6,39.8,43.4,(±1.8),8027,70,44,42.2,45.8,(±1.8),6925,70,38.6,37.2,40,(±1.4),10558,70,44.6,42.6,46.6,(±2.0),6037,70,40.9,38.7,43.1,(±2.2),5074,70,38.3,36.1,40.5,(±2.2),4502,70,40.5,38.1,42.9,(±2.4),3891,70,34.2,32.4,36,(±1.8),5819,70,42.3,39.8,44.8,(±2.5),3455,70,50.5,48.3,52.7,(±2.2),4628,70,47.9,45.4,50.4,(±2.5),3525,70,51.1,48.6,53.6,(±2.5),3034,70,46.9,44.9,48.9,(±2.0),4739,70,49,46.3,51.7,(±2.7),2582,70,69.9,67.9,71.9,(±2.0),4387,70,65.9,63.5,68.3,(±2.4),3372,70,69.6,67.1,72.1,(±2.5),2984,70,66,64,68,(±2.0),4762,70,68,65.3,70.7,(±2.7),2913,70
Mississippi,44.9,42.9,46.9,(±2.0),6825,70,42.1,40.1,44.1,(±2.0),6424,70,40.1,38.1,42.1,(±2.0),6648,70,44.3,34.2,54.4,(±10.1)‡,6283,70,42,39.6,44.4,(±2.4),6900,70,50.4,46.6,54.2,(±3.8),2267,70,52.3,48.2,56.4,(±4.1),2322,70,50.5,47.1,53.9,(±3.4),2684,70,51.2,47.9,54.5,(±3.3),2958,70,48.8,45.7,51.9,(±3.1),3417,70,61,54.6,67.4,(±6.4),624,70,62.5,55.2,69.8,(±7.3),697,70,60.5,53.5,67.5,(±7.0),769,70,59.2,52.8,65.6,(±6.4),932,70,62.2,56.6,67.8,(±5.6),1099,70,50.5,45.2,55.8,(±5.3),1079,70,55.7,50.3,61.1,(±5.4),1042,70,51,46.5,55.5,(±4.5),1324,70,51,46.7,55.3,(±4.3),1481,70,50.2,45.9,54.5,(±4.3),1742,70,42.6,34.3,50.9,(±8.3),564,70,40.6,32.9,48.3,(±7.7),583,70,41.8,35,48.6,(±6.8),591,70,44.8,37.8,51.8,(±7.0),545,70,34.1,28.1,40.1,(±6.0),576,70,43.1,40.7,45.5,(±2.4),4558,70,38.9,36.5,41.3,(±2.4),4102,70,36.9,34.5,39.3,(±2.4),3964,70,42.1,29,55.2,(±13.1)‡,3325,70,39.9,37,42.8,(±2.9),3483,70,37,34.3,39.7,(±2.7),2673,70,32.2,29.5,34.9,(±2.7),2659,70,30.6,27.9,33.3,(±2.7),2479,70,36,21.1,50.9,(±14.9)‡,2065,70,32.2,28.9,35.5,(±3.3),2264,70,32.7,28.8,36.6,(±3.9),1180,70,27.9,24.4,31.4,(±3.5),1426,70,28.2,24.5,31.9,(±3.7),1225,70,34.4,14.2,54.6,(±20.2)‡,1070,70,26.1,21.8,30.4,(±4.3),1201,70,45.3,41.8,48.8,(±3.5),1493,70,41.1,36.8,45.4,(±4.3),1233,70,35.2,31.5,38.9,(±3.7),1254,70,38,33.3,42.7,(±4.7),995,70,45,40.1,49.9,(±4.9),1063,70,67.8,64.7,70.9,(±3.1),1885,70,66.3,62.4,70.2,(±3.9),1443,70,59.7,56.2,63.2,(±3.5),1485,70,61.1,56.6,65.6,(±4.5),1260,70,68.3,63.8,72.8,(±4.5),1219,70
Missouri,49.1,47.2,51,(±1.9),7795,70,47.4,45.6,49.2,(±1.8),7255,70,46.4,43.8,49,(±2.6),5723,70,42.4,40.3,44.5,(±2.1),5994,70,50,48.1,51.9,(±1.9),8597,70,54.1,50.4,57.8,(±3.7),2078,70,59.4,55.1,63.7,(±4.3),1822,70,53.9,50.6,57.2,(±3.3),2270,70,50.8,47.1,54.5,(±3.7),1790,70,57,53.3,60.7,(±3.7),1897,70,63.1,56.4,69.8,(±6.7),615,70,68,61.4,74.6,(±6.6),572,70,63.8,57.9,69.7,(±5.9),686,70,58.7,51.5,65.9,(±7.2),558,70,66.6,60.3,72.9,(±6.3),632,70,58.2,52.8,63.6,(±5.4),927,70,67.4,60.8,74,(±6.6),744,70,56.4,51.6,61.2,(±4.8),919,70,52.3,47.2,57.4,(±5.1),704,70,56.9,52.1,61.7,(±4.8),841,70,41.9,35.5,48.3,(±6.4),536,70,39.4,32.6,46.2,(±6.8),506,70,43.1,37.3,48.9,(±5.8),665,70,42.3,36.3,48.3,(±6.0),528,70,48.3,40.3,56.3,(±8.0),424,70,47.7,45.5,49.9,(±2.2),5717,70,44,42,46,(±2.0),5433,70,44.3,41.2,47.4,(±3.1),3453,70,40,37.5,42.5,(±2.5),4204,70,48.1,45.9,50.3,(±2.2),6700,70,41.3,38.8,43.8,(±2.5),3494,70,37.1,34.7,39.5,(±2.4),3278,70,36.7,33,40.4,(±3.7),2023,70,32.7,29.6,35.8,(±3.1),2509,70,41.2,38.7,43.7,(±2.5),3796,70,35.7,32.2,39.2,(±3.5),1710,70,32.4,29.3,35.5,(±3.1),1682,70,33.6,28.9,38.3,(±4.7),1041,70,30,25.9,34.1,(±4.1),1340,70,37.6,34.3,40.9,(±3.3),1972,70,51.2,47.7,54.7,(±3.5),1784,70,45.7,42.2,49.2,(±3.5),1596,70,43,37.1,48.9,(±5.9),982,70,37.6,33.1,42.1,(±4.5),1169,70,48,44.5,51.5,(±3.5),1824,70,72.5,69.6,75.4,(±2.9),2223,70,69.8,67.1,72.5,(±2.7),2155,70,71.1,66.4,75.8,(±4.7),1430,70,65.8,61.9,69.7,(±3.9),1695,70,72.9,70,75.8,(±2.9),2904,70
Montana,44.4,42.1,46.7,(±2.3),7110,70,43.8,41.7,45.9,(±2.1),6873,70,42.2,39.3,45.1,(±2.9),4944,70,42.1,39.5,44.7,(±2.6),4892,70,48.7,46.5,50.9,(±2.2),6666,70,45.3,40.5,50.1,(±4.8),1895,70,50,45.1,54.9,(±4.9),1965,70,49,44.8,53.2,(±4.2),2052,70,50.3,46.2,54.4,(±4.1),1817,70,55.7,51,60.4,(±4.7),2097,70,56.9,44.2,69.6,(±12.7)‡,534,70,67.2,55.6,78.8,(±11.6)‡,582,70,59.6,51.6,67.6,(±8.0),667,70,63.2,56.4,70,(±6.8),583,70,69,62.4,75.6,(±6.6),703,70,47.8,42,53.6,(±5.8),810,70,50.2,44.6,55.8,(±5.6),831,70,50.3,44.2,56.4,(±6.1),873,70,52.2,46.8,57.6,(±5.4),758,70,59.4,52.2,66.6,(±7.2),949,70,34.4,27.6,41.2,(±6.8),551,70,37.7,30.8,44.6,(±6.9),552,70,38.3,30.9,45.7,(±7.4),512,70,38.3,30.9,45.7,(±7.4),476,70,36.6,30,43.2,(±6.6),445,70,44.2,41.7,46.7,(±2.5),5215,70,42.2,39.8,44.6,(±2.4),4908,70,40.4,36.9,43.9,(±3.5),2892,70,39.9,36.8,43,(±3.1),3075,70,46.8,44.3,49.3,(±2.5),4569,70,37.4,34.5,40.3,(±2.9),3098,70,36.8,33.9,39.7,(±2.9),2997,70,33.5,29.4,37.6,(±4.1),1799,70,32.3,28.8,35.8,(±3.5),1873,70,40.2,37.3,43.1,(±2.9),2900,70,31.6,27.5,35.7,(±4.1),1400,70,32.4,28.5,36.3,(±3.9),1449,70,30.3,25,35.6,(±5.3),907,70,27.2,22.7,31.7,(±4.5),944,70,36.5,32.6,40.4,(±3.9),1602,70,46.8,42.7,50.9,(±4.1),1698,70,43.8,39.7,47.9,(±4.1),1548,70,39.3,33,45.6,(±6.3),892,70,42.3,36.8,47.8,(±5.5),929,70,47.6,43.5,51.7,(±4.1),1298,70,67.5,64.2,70.8,(±3.3),2117,70,60.5,57,64,(±3.5),1911,70,64.5,57.6,71.4,(±6.9),1093,70,62.8,57.7,67.9,(±5.1),1202,70,67.8,63.5,72.1,(±4.3),1669,70
Nebraska,54,52.3,55.7,(±1.7),18352,70,49.1,47.6,50.6,(±1.5),13535,70,52.3,50.6,54,(±1.7),12035,70,47,45.6,48.4,(±1.4),13038,70,54.2,52.6,55.8,(±1.6),11617,70,63,58.7,67.3,(±4.3),1662,70,62.3,58.3,66.3,(±4.0),1974,70,63.4,59.7,67.1,(±3.7),1944,70,62.9,58.8,67,(±4.1),1495,70,69.2,65.2,73.2,(±4.0),1765,70,78.4,72.4,84.4,(±6.0),483,70,77.5,72,83,(±5.5),564,70,74.5,68.5,80.5,(±6.0),593,70,72.5,65.4,79.6,(±7.1),500,70,81.7,74.8,88.6,(±6.9),576,70,64.1,58.4,69.8,(±5.7),748,70,63.5,57.5,69.5,(±6.0),775,70,66.3,61.1,71.5,(±5.2),828,70,65.6,59.8,71.4,(±5.8),562,70,72.1,66.2,78,(±5.9),716,70,50.5,41.7,59.3,(±8.8),431,70,50.1,43.2,57,(±6.9),635,70,49.3,42.3,56.3,(±7.0),523,70,49.7,42.7,56.7,(±7.0),433,70,54.6,47.8,61.4,(±6.8),473,70,51.2,49.4,53,(±1.8),16690,70,45,43.4,46.6,(±1.6),11561,70,48.8,46.8,50.8,(±2.0),10091,70,42,40.6,43.4,(±1.4),11543,70,49.5,47.7,51.3,(±1.8),9852,70,45.8,43.8,47.8,(±2.0),10667,70,40.2,38.4,42,(±1.8),7574,70,43.7,41.3,46.1,(±2.4),6415,70,36.6,34.8,38.4,(±1.8),7351,70,43.9,41.9,45.9,(±2.0),6077,70,41.7,39.2,44.2,(±2.5),5477,70,35.5,33.1,37.9,(±2.4),4047,70,39.2,36.1,42.3,(±3.1),3430,70,33.3,31.1,35.5,(±2.2),4135,70,40.4,37.9,42.9,(±2.5),3368,70,54.3,50.8,57.8,(±3.5),5190,70,49.8,47.1,52.5,(±2.7),3527,70,52.8,49.5,56.1,(±3.3),2985,70,43.7,41,46.4,(±2.7),3216,70,51.7,48.8,54.6,(±2.9),2709,70,72.6,70.4,74.8,(±2.2),6023,70,64.6,62.1,67.1,(±2.5),3987,70,68.7,66.2,71.2,(±2.5),3676,70,62.1,59.7,64.5,(±2.4),4192,70,70.5,68.1,72.9,(±2.4),3775,70
Nevada,39.7,36.8,42.6,(±2.9),4813,70,36.8,34,39.6,(±2.8),3752,70,36.1,33.9,38.3,(±2.2),5719,70,39.1,36.3,41.9,(±2.8),4645,70,37.8,33.7,41.9,(±4.1),3854,70,51.5,47,56,(±4.5),2273,70,48.8,44.6,53,(±4.2),1758,70,45.6,41.6,49.6,(±4.0),2267,70,49.5,45.2,53.8,(±4.3),2178,70,51.8,47.7,55.9,(±4.1),2371,70,66.4,59.1,73.7,(±7.3),612,70,58.4,50.9,65.9,(±7.5),528,70,58.5,50.8,66.2,(±7.7),664,70,53.3,45.9,60.7,(±7.4),661,70,64.6,56.1,73.1,(±8.5),801,70,50.4,43.8,57,(±6.6),1045,70,52.5,46.2,58.8,(±6.3),707,70,44,38,50,(±6.0),863,70,50.7,44.5,56.9,(±6.2),907,70,51.9,46.1,57.7,(±5.8),910,70,42.4,34.2,50.6,(±8.2),616,70,34.7,27.9,41.5,(±6.8),523,70,38.4,31.3,45.5,(±7.1),740,70,45,38.7,51.3,(±6.3),610,70,38.4,32.7,44.1,(±5.7),660,70,36.3,32.8,39.8,(±3.5),2540,70,33.3,30,36.6,(±3.3),1994,70,33.4,30.9,35.9,(±2.5),3452,70,36.2,32.9,39.5,(±3.3),2467,70,33.9,28.8,39,(±5.1),1483,70,31,26.9,35.1,(±4.1),1579,70,26.8,23.3,30.3,(±3.5),1259,70,27.4,24.5,30.3,(±2.9),2301,70,28.2,24.5,31.9,(±3.7),1498,70,25.2,19.9,30.5,(±5.3),1018,70,26.6,21.3,31.9,(±5.3),827,70,25.4,20.9,29.9,(±4.5),671,70,22.4,18.9,25.9,(±3.5),1312,70,25.1,20.2,30,(±4.9),831,70,20.3,15,25.6,(±5.3),640,70,40.7,34.8,46.6,(±5.9),752,70,29.9,24.4,35.4,(±5.5),588,70,38.8,33.5,44.1,(±5.3),989,70,34.9,29.4,40.4,(±5.5),667,70,34.8,24,45.6,(±10.8)‡,378,70,58.9,54,63.8,(±4.9),961,70,59.6,53.3,65.9,(±6.3),735,70,58.6,53.7,63.5,(±4.9),1151,70,65.7,60.6,70.8,(±5.1),969,70,65.3,56.5,74.1,(±8.8),465,70
New Hampshire,52.1,49.9,54.3,(±2.2),6340,70,50.9,48.4,53.4,(±2.5),6924,70,50.4,47.3,53.5,(±3.1),7000,70,43.7,41.8,45.6,(±1.9),6233,70,52,49.5,54.5,(±2.5),6144,70,64.2,59.6,68.8,(±4.6),1846,70,66.4,62.3,70.5,(±4.1),1966,70,66.2,62.2,70.2,(±4.0),2283,70,66.3,62.3,70.3,(±4.0),1996,70,67,63.6,70.4,(±3.4),2387,70,74.2,67.2,81.2,(±7.0),516,70,73.2,62.6,83.8,(±10.6)‡,570,70,73,65.8,80.2,(±7.2),649,70,68.1,60.1,76.1,(±8.0),598,70,72.7,66.7,78.7,(±6.0),739,70,70.8,64.4,77.2,(±6.4),895,70,70.8,65.8,75.8,(±5.0),909,70,71.8,66.4,77.2,(±5.4),1100,70,69.2,63.6,74.8,(±5.6),958,70,67.7,62.9,72.5,(±4.8),1153,70,50.6,42.3,58.9,(±8.3),435,70,57.1,49.8,64.4,(±7.3),487,70,52.8,45.1,60.5,(±7.7),534,70,60.5,52.9,68.1,(±7.6),440,70,62,55.1,68.9,(±6.9),495,70,49.1,46.6,51.6,(±2.5),4494,70,47.1,44.2,50,(±2.9),4958,70,46.6,42.9,50.3,(±3.7),4717,70,38.4,36.2,40.6,(±2.2),4237,70,48.6,45.7,51.5,(±2.9),3757,70,44.1,41.2,47,(±2.9),2710,70,41.1,37.4,44.8,(±3.7),2999,70,41.4,36.3,46.5,(±5.1),2886,70,33.2,30.5,35.9,(±2.7),2506,70,41.8,38.3,45.3,(±3.5),2143,70,40.3,36,44.6,(±4.3),1140,70,37,31.7,42.3,(±5.3),1284,70,39.1,31.1,47.1,(±8.0),1297,70,28.1,24.4,31.8,(±3.7),1107,70,38.1,33,43.2,(±5.1),962,70,50.2,46.7,53.7,(±3.5),1570,70,48,44.3,51.7,(±3.7),1715,70,45.2,41.9,48.5,(±3.3),1589,70,41.7,38.2,45.2,(±3.5),1399,70,47,42.7,51.3,(±4.3),1181,70,67.8,64.7,70.9,(±3.1),1784,70,69.4,66.3,72.5,(±3.1),1959,70,65.6,62.5,68.7,(±3.1),1831,70,56.6,53.3,59.9,(±3.3),1731,70,71.5,67.8,75.2,(±3.7),1614,70
New Jersey,46.8,44.8,48.8,(±2.0),10483,70,45.4,42.9,47.9,(±2.5),7818,70,49.1,46.8,51.4,(±2.3),8682,70,48.1,45.4,50.8,(±2.7),9526,70,NR,NaN,NaN,NR,NR,70,64.3,60.9,67.7,(±3.4),2376,70,69.5,66.5,72.5,(±3.0),2758,70,67.7,64.5,70.9,(±3.2),3135,70,69.1,65.4,72.8,(±3.7),2938,70,72.8,69.9,75.7,(±2.9),3386,70,79.1,73.6,84.6,(±5.5),735,70,82.4,78,86.8,(±4.4),885,70,84.7,80.7,88.7,(±4.0),975,70,83.8,79.8,87.8,(±4.0),955,70,84.3,80.4,88.2,(±3.9),1161,70,70.3,65.7,74.9,(±4.6),1084,70,73,68.8,77.2,(±4.2),1100,70,72.4,68.2,76.6,(±4.2),1425,70,70.3,66,74.6,(±4.3),1347,70,75.4,71.1,79.7,(±4.3),1487,70,43,36.5,49.5,(±6.5),557,70,54.2,48,60.4,(±6.2),773,70,48.3,42.1,54.5,(±6.2),735,70,55,45.4,64.6,(±9.6),636,70,58.6,52.7,64.5,(±5.9),738,70,41.8,39.4,44.2,(±2.4),8107,70,38.7,35.6,41.8,(±3.1),5060,70,44,41.3,46.7,(±2.7),5547,70,42.3,39,45.6,(±3.3),6588,70,NR,NaN,NaN,NR,NR,70,35.9,33.2,38.6,(±2.7),5580,70,32.6,28.9,36.3,(±3.7),3414,70,38.4,35.1,41.7,(±3.3),3542,70,35.5,31.6,39.4,(±3.9),4183,70,NR,NaN,NaN,NR,NR,70,31.2,27.7,34.7,(±3.5),2873,70,29.9,24.8,35,(±5.1),1741,70,34.4,29.9,38.9,(±4.5),1704,70,30.1,25.4,34.8,(±4.7),2041,70,NR,NaN,NaN,NR,NR,70,45.1,41.8,48.4,(±3.3),2707,70,37.9,33.2,42.6,(±4.7),1673,70,45.4,40.9,49.9,(±4.5),1838,70,43.7,38.4,49,(±5.3),2142,70,NR,NaN,NaN,NR,NR,70,64.7,61.4,68,(±3.3),2527,70,63.6,57.7,69.5,(±5.9),1646,70,65.5,61.8,69.2,(±3.7),2005,70,66.6,61.9,71.3,(±4.7),2405,70,NR,NaN,NaN,NR,NR,70
New Mexico,49.6,47.2,52,(±2.4),7170,70,47.4,45.1,49.7,(±2.3),6395,70,49.2,46.7,51.7,(±2.5),6342,70,43.7,41.7,45.7,(±2.0),7400,70,49.9,47.5,52.3,(±2.4),7277,70,65.4,61.4,69.4,(±4.0),2347,70,68.9,64.7,73.1,(±4.2),1891,70,63.8,59,68.6,(±4.8),2268,70,62.3,58.8,65.8,(±3.5),2295,70,67.5,63.7,71.3,(±3.8),2474,70,75.6,69,82.2,(±6.6),633,70,73.8,65.6,82,(±8.2),531,70,81.6,74.5,88.7,(±7.1),636,70,67.8,61.7,73.9,(±6.1),712,70,73.2,67.6,78.8,(±5.6),879,70,69.1,63.4,74.8,(±5.7),1078,70,72.4,67,77.8,(±5.4),842,70,60.3,54.5,66.1,(±5.8),1043,70,65.3,60.8,69.8,(±4.5),1146,70,69.8,64,75.6,(±5.8),1031,70,52.3,45.9,58.7,(±6.4),636,70,59.4,51.3,67.5,(±8.1),518,70,57.2,49.8,64.6,(±7.4),589,70,50.5,43.4,57.6,(±7.1),437,70,58.1,50.6,65.6,(±7.5),564,70,44.7,41.8,47.6,(±2.9),4823,70,40.8,38.1,43.5,(±2.7),4504,70,44.9,42,47.8,(±2.9),4074,70,38.1,35.7,40.5,(±2.4),5105,70,44.7,41.8,47.6,(±2.9),4803,70,39.1,35.8,42.4,(±3.3),3135,70,36.4,33.3,39.5,(±3.1),2916,70,39.4,36.1,42.7,(±3.3),2564,70,32.6,29.9,35.3,(±2.7),3271,70,37.6,34.1,41.1,(±3.5),2994,70,35.3,30.8,39.8,(±4.5),1543,70,32.4,28.1,36.7,(±4.3),1451,70,35.6,31.3,39.9,(±4.3),1291,70,27.6,24.3,30.9,(±3.3),1715,70,33.6,28.9,38.3,(±4.7),1619,70,46.3,41.6,51,(±4.7),1592,70,44.6,40.3,48.9,(±4.3),1465,70,47.6,42.3,52.9,(±5.3),1273,70,42.7,38.6,46.8,(±4.1),1556,70,45.9,41.2,50.6,(±4.7),1375,70,66,61.5,70.5,(±4.5),1688,70,58.1,53.8,62.4,(±4.3),1588,70,65,60.1,69.9,(±4.9),1510,70,57,53.1,60.9,(±3.9),1834,70,68.7,64.2,73.2,(±4.5),1809,70
New York,48.6,47.1,50.1,(±1.5),13226,70,49.1,47.6,50.6,(±1.5),22196,70,49.8,48.3,51.3,(±1.5),20948,70,40.4,39.3,41.5,(±1.1),22031,70,51.9,50.4,53.4,(±1.5),23398,70,67,64.3,69.7,(±2.7),4506,70,65.6,63.1,68.1,(±2.5),5065,70,65.9,63.6,68.2,(±2.3),5611,70,64.9,62.3,67.5,(±2.6),4200,70,69.6,67.1,72.1,(±2.5),4921,70,75,70.8,79.2,(±4.2),1429,70,76,72.3,79.7,(±3.7),1732,70,75.4,71.6,79.2,(±3.8),1841,70,70.7,66.2,75.2,(±4.5),1444,70,77.3,73.4,81.2,(±3.9),1762,70,70.1,66.3,73.9,(±3.8),2084,70,67.5,63.9,71.1,(±3.6),2131,70,66.3,62.8,69.8,(±3.5),2454,70,69.7,65.9,73.5,(±3.8),1693,70,68.2,64.5,71.9,(±3.7),2022,70,54.7,49.3,60.1,(±5.4),993,70,53.3,48.5,58.1,(±4.8),1202,70,58,53.7,62.3,(±4.3),1316,70,51.8,47.3,56.3,(±4.5),1063,70,65.5,61,70,(±4.5),1137,70,43.8,42,45.6,(±1.8),8720,70,44.8,43,46.6,(±1.8),17131,70,45.6,43.8,47.4,(±1.8),15337,70,33.9,32.7,35.1,(±1.2),17831,70,47.3,45.5,49.1,(±1.8),18477,70,38.2,36.2,40.2,(±2.0),5895,70,39.3,37.1,41.5,(±2.2),11474,70,39.9,37.9,41.9,(±2.0),10053,70,28.8,27.4,30.2,(±1.4),12491,70,42.1,40.1,44.1,(±2.0),12114,70,33,30.5,35.5,(±2.5),3143,70,35.2,32.5,37.9,(±2.7),5969,70,36.3,33.8,38.8,(±2.5),5258,70,24.7,22.9,26.5,(±1.8),7076,70,38.6,35.9,41.3,(±2.7),6642,70,48.9,46,51.8,(±2.9),2752,70,48,44.9,51.1,(±3.1),5505,70,47,44.1,49.9,(±2.9),4795,70,37.4,35,39.8,(±2.4),5415,70,49.3,46.4,52.2,(±2.9),5472,70,66.5,63.6,69.4,(±2.9),2825,70,66,63.5,68.5,(±2.5),5657,70,67.1,64,70.2,(±3.1),5284,70,53,50.3,55.7,(±2.7),5340,70,66.3,63.6,69,(±2.7),6363,70
North Carolina,52.4,50.2,54.6,(±2.2),7017,70,50.9,48.3,53.5,(±2.6),7226,70,50.8,48.5,53.1,(±2.3),6668,70,46,43.7,48.3,(±2.3),5342,70,54.9,52.7,57.1,(±2.2),6767,70,60.7,56.6,64.8,(±4.1),2303,70,60.6,57,64.2,(±3.6),2240,70,60.6,57.3,63.9,(±3.3),2852,70,59.3,56.1,62.5,(±3.2),2411,70,65.4,62.4,68.4,(±3.0),3390,70,71.6,65,78.2,(±6.6),657,70,71.5,65.1,77.9,(±6.4),724,70,72.1,66.6,77.6,(±5.5),870,70,70.1,64.4,75.8,(±5.7),766,70,75.7,70.3,81.1,(±5.4),1143,70,63.5,58,69,(±5.5),1140,70,62.7,57.8,67.6,(±4.9),984,70,64,59.1,68.9,(±4.9),1327,70,61.3,57,65.6,(±4.3),1091,70,63.9,60.1,67.7,(±3.8),1605,70,47.1,38.9,55.3,(±8.2),506,70,48.1,41.1,55.1,(±7.0),532,70,47.3,41.5,53.1,(±5.8),655,70,46.1,39.4,52.8,(±6.7),554,70,56.9,50.7,63.1,(±6.2),642,70,50,47.5,52.5,(±2.5),4714,70,48.2,45.1,51.3,(±3.1),4986,70,48.1,45.4,50.8,(±2.7),3816,70,42.3,39.6,45,(±2.7),2931,70,52,49.3,54.7,(±2.7),3377,70,43.3,40.2,46.4,(±3.1),3156,70,42.7,39,46.4,(±3.7),3520,70,41.6,38.5,44.7,(±3.1),2589,70,34.6,31.7,37.5,(±2.9),2073,70,46.3,43.2,49.4,(±3.1),2380,70,39.6,35.7,43.5,(±3.9),1775,70,39.4,34.5,44.3,(±4.9),2008,70,37.2,33.1,41.3,(±4.1),1507,70,29.5,26,33,(±3.5),1263,70,43.5,39.4,47.6,(±4.1),1466,70,51,46.5,55.5,(±4.5),1381,70,49,43.7,54.3,(±5.3),1512,70,50.8,45.7,55.9,(±5.1),1082,70,45.5,40.4,50.6,(±5.1),810,70,51.7,46.8,56.6,(±4.9),914,70,76.8,73.3,80.3,(±3.5),1558,70,68.6,64.1,73.1,(±4.5),1466,70,72.1,67.6,76.6,(±4.5),1227,70,71.3,65.4,77.2,(±5.9),858,70,72.9,68.6,77.2,(±4.3),997,70
North Dakota,51,48.8,53.2,(±2.2),6060,70,48.8,46.7,50.9,(±2.1),5805,70,46.9,45.1,48.7,(±1.8),7130,70,44.9,42.1,47.7,(±2.8),4798,70,51.1,49.2,53,(±1.9),7313,70,62,56.6,67.4,(±5.4),1792,70,63.4,58.4,68.4,(±5.0),1667,70,65.3,61.2,69.4,(±4.1),1981,70,62.4,58.2,66.6,(±4.2),1698,70,64.9,60.8,69,(±4.1),1800,70,75.4,67.6,83.2,(±7.8),605,70,78,70.9,85.1,(±7.1),531,70,76.2,69.9,82.5,(±6.3),662,70,73.5,67.1,79.9,(±6.4),569,70,66.9,60,73.8,(±6.9),616,70,62,55.2,68.8,(±6.8),774,70,64.1,57.6,70.6,(±6.5),658,70,65.7,59.6,71.8,(±6.1),772,70,63.7,57.7,69.7,(±6.0),667,70,66.8,61,72.6,(±5.8),701,70,48.7,39.1,58.3,(±9.6),413,70,51.8,39.6,64,(±12.2)‡,478,70,52.4,45.1,59.7,(±7.3),547,70,51.8,43.6,60,(±8.2),462,70,58.9,51.6,66.2,(±7.3),483,70,48.2,45.8,50.6,(±2.4),4268,70,44.9,42.5,47.3,(±2.4),4138,70,41.8,39.8,43.8,(±2.0),5149,70,39.8,36.5,43.1,(±3.3),3100,70,47.2,45,49.4,(±2.2),5513,70,43.5,40.6,46.4,(±2.9),2712,70,40.5,37.8,43.2,(±2.7),2686,70,36,33.6,38.4,(±2.4),3246,70,34.5,30.8,38.2,(±3.7),1919,70,42,39.3,44.7,(±2.7),3147,70,39.9,36.2,43.6,(±3.7),1281,70,37.6,34.1,41.1,(±3.5),1360,70,33,30.1,35.9,(±2.9),1588,70,31.8,26.9,36.7,(±4.9),962,70,40.3,36.8,43.8,(±3.5),1487,70,50.7,46.8,54.6,(±3.9),1431,70,46.7,43.2,50.2,(±3.5),1326,70,42.1,39,45.2,(±3.1),1658,70,40.5,35.4,45.6,(±5.1),957,70,45.8,42.5,49.1,(±3.3),1660,70,66.4,62.9,69.9,(±3.5),1556,70,64,60.7,67.3,(±3.3),1452,70,65.7,62.8,68.6,(±2.9),1903,70,61.4,56.9,65.9,(±4.5),1181,70,68.6,65.7,71.5,(±2.9),2366,70
Ohio,46.1,44.4,47.8,(±1.7),9902,70,43.8,42.2,45.4,(±1.6),10516,70,46.6,44.7,48.5,(±1.9),10327,70,42.8,41.4,44.2,(±1.4),12801,70,50.4,48.8,52,(±1.6),12308,70,54.3,50.6,58,(±3.7),2036,70,55.1,51,59.2,(±4.1),1814,70,51.5,48,55,(±3.5),2317,70,56.2,52.7,59.7,(±3.5),2236,70,60.3,56.9,63.7,(±3.4),2632,70,66,59.2,72.8,(±6.8),592,70,70.4,61.7,79.1,(±8.7),533,70,60.9,54.8,67,(±6.1),730,70,67.4,60.4,74.4,(±7.0),740,70,67.3,61.9,72.7,(±5.4),847,70,58.4,53.1,63.7,(±5.3),895,70,53.9,47.9,59.9,(±6.0),773,70,53.4,48.2,58.6,(±5.2),1041,70,59.4,54.4,64.4,(±5.0),928,70,63.3,58.1,68.5,(±5.2),1182,70,39.8,34,45.6,(±5.8),549,70,45.6,39.2,52,(±6.4),508,70,41.2,35.1,47.3,(±6.1),546,70,42.9,37.3,48.5,(±5.6),568,70,49.5,43.7,55.3,(±5.8),603,70,43.7,41.7,45.7,(±2.0),7866,70,40.6,38.8,42.4,(±1.8),8702,70,45.2,43,47.4,(±2.2),8010,70,39,37.4,40.6,(±1.6),10565,70,47.6,45.8,49.4,(±1.8),9676,70,38.7,36.5,40.9,(±2.2),4737,70,34.9,32.7,37.1,(±2.2),5345,70,38.7,36.2,41.2,(±2.5),4909,70,32.5,30.7,34.3,(±1.8),6387,70,40.8,38.6,43,(±2.2),5725,70,33.8,30.7,36.9,(±3.1),2120,70,30.5,27.6,33.4,(±2.9),2605,70,33.7,30.2,37.2,(±3.5),2329,70,27.6,25.1,30.1,(±2.5),3058,70,36.1,33.4,38.8,(±2.7),2830,70,47.1,44.2,50,(±2.9),2617,70,43.2,40.3,46.1,(±2.9),2740,70,47.7,44.4,51,(±3.3),2580,70,41.1,38.6,43.6,(±2.5),3329,70,49.1,46.2,52,(±2.9),2895,70,62.6,60.1,65.1,(±2.5),3129,70,61.2,58.7,63.7,(±2.5),3357,70,67.6,64.9,70.3,(±2.7),3101,70,60.8,58.4,63.2,(±2.4),4178,70,70,67.5,72.5,(±2.5),3951,70
Oklahoma,49.1,47.2,51,(±1.9),7393,70,45.8,43.9,47.7,(±1.9),6324,70,47.2,45.2,49.2,(±2.0),6511,70,44.9,42.9,46.9,(±2.0),6536,70,51.3,49,53.6,(±2.3),7087,70,54.4,50.1,58.7,(±4.3),1855,70,52.2,47.9,56.5,(±4.3),1712,70,53.6,49.9,57.3,(±3.7),2303,70,55,51.7,58.3,(±3.3),2357,70,56,53.3,58.7,(±2.7),2955,70,62.1,53.8,70.4,(±8.3),568,70,62.1,53.6,70.6,(±8.5),527,70,63.2,57.1,69.3,(±6.1),716,70,67.1,61.8,72.4,(±5.3),772,70,67.1,62.3,71.9,(±4.8),964,70,56.4,50.9,61.9,(±5.5),836,70,59.9,53.2,66.6,(±6.7),700,70,51.4,46.2,56.6,(±5.2),1008,70,55.5,50.9,60.1,(±4.6),1014,70,57.4,53.6,61.2,(±3.8),1286,70,44.4,35.6,53.2,(±8.8),451,70,34.9,28.6,41.2,(±6.3),485,70,48.2,40,56.4,(±8.2),579,70,43.2,36.3,50.1,(±6.9),571,70,44.6,39.6,49.6,(±5.0),705,70,47.5,45.3,49.7,(±2.2),5538,70,43.8,41.6,46,(±2.2),4612,70,45.2,42.8,47.6,(±2.4),4208,70,41.8,39.4,44.2,(±2.4),4179,70,49.8,46.9,52.7,(±2.9),4132,70,41.4,38.9,43.9,(±2.5),3292,70,37.3,34.8,39.8,(±2.5),2677,70,39.1,36.2,42,(±2.9),2464,70,33.7,31,36.4,(±2.7),2514,70,42.9,39.4,46.4,(±3.5),2520,70,37,33.5,40.5,(±3.5),1586,70,30.4,27.1,33.7,(±3.3),1302,70,33.2,29.5,36.9,(±3.7),1304,70,28,24.7,31.3,(±3.3),1342,70,39.9,35,44.8,(±4.9),1415,70,49.5,46,53,(±3.5),1706,70,50.5,46.6,54.4,(±3.9),1375,70,51.9,47.8,56,(±4.1),1160,70,46.5,42.2,50.8,(±4.3),1172,70,49.7,45.4,54,(±4.3),1105,70,72.2,69.5,74.9,(±2.7),2246,70,68.7,65.8,71.6,(±2.9),1935,70,69.3,66,72.6,(±3.3),1744,70,72.6,69.1,76.1,(±3.5),1665,70,75.5,72,79,(±3.5),1612,70
Oregon,44.3,42.2,46.4,(±2.1),6443,70,42,39.8,44.2,(±2.2),5231,70,40,38.1,41.9,(±1.9),6492,70,40.5,38.6,42.4,(±1.9),5197,70,48.3,46.2,50.4,(±2.1),6325,70,58.8,54.3,63.3,(±4.5),1998,70,54.6,50.7,58.5,(±3.9),1915,70,52,48.1,55.9,(±3.9),2127,70,54,50,58,(±4.0),1673,70,61,56.8,65.2,(±4.2),1703,70,66.7,58.9,74.5,(±7.8),552,70,65.9,59,72.8,(±6.9),545,70,60.5,52,69,(±8.5),645,70,60.6,52.8,68.4,(±7.8),493,70,75.6,68.5,82.7,(±7.1),510,70,59.2,52.7,65.7,(±6.5),985,70,58.4,52.4,64.4,(±6.0),828,70,54.3,49.1,59.5,(±5.2),943,70,53.8,48.4,59.2,(±5.4),730,70,62.1,56,68.2,(±6.1),711,70,51,42.3,59.7,(±8.7),461,70,40.1,34,46.2,(±6.1),542,70,42.3,35.8,48.8,(±6.5),539,70,49.6,42.2,57,(±7.4),450,70,48.8,42,55.6,(±6.8),482,70,40.5,38.1,42.9,(±2.4),4445,70,38.7,36.2,41.2,(±2.5),3316,70,36.9,34.7,39.1,(±2.2),4365,70,37,34.8,39.2,(±2.2),3524,70,45.1,42.7,47.5,(±2.4),4622,70,35.4,32.7,38.1,(±2.7),2751,70,33.9,31,36.8,(±2.9),2184,70,30.9,28.4,33.4,(±2.5),2861,70,30.7,28.3,33.1,(±2.4),2351,70,38.3,35.6,41,(±2.7),3217,70,30.9,27.4,34.4,(±3.5),1405,70,31.5,27.8,35.2,(±3.7),1244,70,27.2,24.3,30.1,(±2.9),1669,70,25.6,22.7,28.5,(±2.9),1358,70,33.9,30.4,37.4,(±3.5),1991,70,44.3,40.4,48.2,(±3.9),1346,70,38.8,34.1,43.5,(±4.7),940,70,37.9,33,42.8,(±4.9),1192,70,40.7,36.6,44.8,(±4.1),993,70,47.2,42.3,52.1,(±4.9),1226,70,60,56.5,63.5,(±3.5),1694,70,55.8,50.7,60.9,(±5.1),1132,70,57.2,53.7,60.7,(±3.5),1504,70,58.2,54.1,62.3,(±4.1),1173,70,68.1,64.4,71.8,(±3.7),1405,70
Pennsylvania,50.3,48.1,52.5,(±2.2),11990,70,48.2,46,50.4,(±2.2),10370,70,53.3,50.8,55.8,(±2.5),9292,70,46,43.3,48.7,(±2.7),7117,70,54.2,52.6,55.8,(±1.6),11333,70,63.3,58.8,67.8,(±4.5),5193,70,60.5,56.6,64.4,(±3.9),4872,70,63.3,59.8,66.8,(±3.5),5469,70,65.3,62.4,68.2,(±2.9),4517,70,69.7,67.1,72.3,(±2.6),5161,70,74.7,67.8,81.6,(±6.9),1613,70,73.1,66.1,80.1,(±7.0),1496,70,74.1,68.7,79.5,(±5.4),1654,70,75.2,70.2,80.2,(±5.0),1454,70,81.8,78,85.6,(±3.8),1699,70,66,60.6,71.4,(±5.4),2418,70,62,56.7,67.3,(±5.3),2040,70,63.7,59,68.4,(±4.7),2334,70,66.4,62.1,70.7,(±4.3),1863,70,68.8,65.2,72.4,(±3.6),2159,70,48.2,38.2,58.2,(±10.0),1162,70,48.7,41,56.4,(±7.7),1336,70,53.3,46.2,60.4,(±7.1),1481,70,54,48.8,59.2,(±5.2),1200,70,61.3,56.3,66.3,(±5.0),1303,70,46.9,44.4,49.4,(±2.5),6797,70,45,42.5,47.5,(±2.5),5498,70,50.8,47.9,53.7,(±2.9),3823,70,41.1,37.8,44.4,(±3.3),2600,70,50.3,48.3,52.3,(±2.0),6172,70,40.1,37.2,43,(±2.9),4415,70,38.7,35.8,41.6,(±2.9),3895,70,44.6,41.3,47.9,(±3.3),2771,70,36.7,33,40.4,(±3.7),1886,70,43.2,40.8,45.6,(±2.4),4305,70,35.6,31.7,39.5,(±3.9),2205,70,34.4,30.5,38.3,(±3.9),2118,70,41.3,37,45.6,(±4.3),1601,70,34,29.3,38.7,(±4.7),1161,70,36.9,34,39.8,(±2.9),2493,70,48.2,43.7,52.7,(±4.5),2210,70,46.4,42.1,50.7,(±4.3),1777,70,50.9,45.6,56.2,(±5.3),1170,70,41.9,36,47.8,(±5.9),725,70,54.8,50.9,58.7,(±3.9),1812,70,71.5,66.8,76.2,(±4.7),2382,70,67,63.1,70.9,(±3.9),1603,70,72.3,67.4,77.2,(±4.9),1052,70,56.9,50.2,63.6,(±6.7),714,70,73.8,70.5,77.1,(±3.3),1867,70
Rhode Island,58.7,56.2,61.2,(±2.5),7015,70,56.1,53.5,58.7,(±2.6),6784,70,55.4,53,57.8,(±2.4),6723,70,50.1,47.6,52.6,(±2.5),6250,70,60.4,58.1,62.7,(±2.3),6699,70,78.6,75.1,82.1,(±3.5),2426,70,77.9,74.8,81,(±3.1),2738,70,74.2,70.1,78.3,(±4.1),2522,70,76.2,72.6,79.8,(±3.6),2133,70,78,74.8,81.2,(±3.2),2198,70,91.3,86.3,96.3,(±5.0),639,70,81.2,74.9,87.5,(±6.3),785,70,75.4,66.4,84.4,(±9.0),727,70,83.5,78.1,88.9,(±5.4),628,70,85.2,79.5,90.9,(±5.7),694,70,78.6,73.3,83.9,(±5.3),1204,70,82,78.4,85.6,(±3.6),1393,70,76.6,71.2,82,(±5.4),1272,70,78.9,74,83.8,(±4.9),1098,70,78.5,74.3,82.7,(±4.2),962,70,68.9,63.5,74.3,(±5.4),583,70,69.4,62.7,76.1,(±6.7),560,70,70.1,62.9,77.3,(±7.2),523,70,67.1,60.1,74.1,(±7.0),407,70,72.3,66,78.6,(±6.3),542,70,53.7,50.8,56.6,(±2.9),4589,70,50.7,47.6,53.8,(±3.1),4046,70,50.9,48.2,53.6,(±2.7),4201,70,43.8,40.9,46.7,(±2.9),4117,70,56.3,53.6,59,(±2.7),4501,70,50.1,46.6,53.6,(±3.5),2966,70,46.9,43.2,50.6,(±3.7),2532,70,44.7,41.6,47.8,(±3.1),2766,70,38.8,35.1,42.5,(±3.7),2577,70,51.4,47.9,54.9,(±3.5),2813,70,44.5,39.8,49.2,(±4.7),1397,70,45.4,40.1,50.7,(±5.3),1128,70,39.7,35.2,44.2,(±4.5),1290,70,35.6,30.3,40.9,(±5.3),1222,70,48.7,44,53.4,(±4.7),1359,70,60.6,55.9,65.3,(±4.7),1569,70,49.6,45.3,53.9,(±4.3),1404,70,52.9,49,56.8,(±3.9),1476,70,44.9,41,48.8,(±3.9),1355,70,56.2,52.3,60.1,(±3.9),1454,70,67.4,64.1,70.7,(±3.3),1623,70,64.9,61,68.8,(±3.9),1514,70,72.8,69.1,76.5,(±3.7),1435,70,61.1,57.2,65,(±3.9),1540,70,74.1,70.4,77.8,(±3.7),1688,70
South Carolina,48.3,46.4,50.2,(±1.9),9708,70,46.9,45.1,48.7,(±1.8),11089,70,47.4,45.8,49,(±1.6),10801,70,44.1,42.4,45.8,(±1.7),10267,70,46.8,44.8,48.8,(±2.0),9389,70,58.7,54.9,62.5,(±3.8),2344,70,59.2,54.9,63.5,(±4.3),2599,70,55.5,51.8,59.2,(±3.7),2423,70,57.2,53.8,60.6,(±3.4),2451,70,59.7,56.4,63,(±3.3),2968,70,70.1,61.9,78.3,(±8.2),669,70,67.1,60,74.2,(±7.1),797,70,69.8,63.7,75.9,(±6.1),773,70,64.6,58.8,70.4,(±5.8),751,70,69.4,62.8,76,(±6.6),976,70,61.7,56.5,66.9,(±5.2),1099,70,64.4,58.8,70,(±5.6),1173,70,56.6,51.9,61.3,(±4.7),1136,70,58.7,54.3,63.1,(±4.4),1134,70,61.1,56.8,65.4,(±4.3),1370,70,42.6,36.6,48.6,(±6.0),576,70,45,35.8,54.2,(±9.2),629,70,40,33.5,46.5,(±6.5),514,70,47.6,40.2,55,(±7.4),566,70,48.8,42.3,55.3,(±6.5),622,70,45.4,43.2,47.6,(±2.2),7364,70,43.6,41.6,45.6,(±2.0),8490,70,45.2,43.4,47,(±1.8),8378,70,40.6,38.6,42.6,(±2.0),7816,70,43.3,40.9,45.7,(±2.4),6421,70,38.1,35.7,40.5,(±2.4),4570,70,36.7,34.5,38.9,(±2.2),5045,70,37.5,35.3,39.7,(±2.2),4834,70,33.1,30.7,35.5,(±2.4),4247,70,35.8,33.1,38.5,(±2.7),3503,70,32.8,29.7,35.9,(±3.1),2345,70,31.1,28.2,34,(±2.9),2478,70,32.3,29.4,35.2,(±2.9),2301,70,26.6,23.9,29.3,(±2.7),2051,70,29.5,26.2,32.8,(±3.3),1838,70,48.3,45,51.6,(±3.3),2225,70,47.1,43.8,50.4,(±3.3),2567,70,46.9,43.8,50,(±3.1),2533,70,45,41.3,48.7,(±3.7),2196,70,47.7,43,52.4,(±4.7),1665,70,72,68.7,75.3,(±3.3),2794,70,68.7,66,71.4,(±2.7),3445,70,69.9,67.2,72.6,(±2.7),3544,70,65.9,63.2,68.6,(±2.7),3569,70,68.9,65.8,72,(±3.1),2918,70
South Dakota,59.6,57.1,62.1,(±2.5),7582,70,56.6,54,59.2,(±2.6),7041,70,53.9,51.1,56.7,(±2.8),6350,70,47.7,45.7,49.7,(±2.0),8116,70,54.4,51.9,56.9,(±2.5),7179,70,64.4,59.7,69.1,(±4.7),1652,70,70.8,66.9,74.7,(±3.9),2139,70,63.2,58.4,68,(±4.8),2086,70,64.4,60.5,68.3,(±3.9),1643,70,67.2,62.9,71.5,(±4.3),1956,70,74.3,65.3,83.3,(±9.0),437,70,80.8,74.5,87.1,(±6.3),653,70,69.4,62.3,76.5,(±7.1),669,70,70.7,63.7,77.7,(±7.0),519,70,81.8,73.2,90.4,(±8.6),632,70,63.2,57.2,69.2,(±6.0),756,70,69.3,63.9,74.7,(±5.4),971,70,65.9,59.5,72.3,(±6.4),919,70,67.3,62,72.6,(±5.3),683,70,67.4,61.7,73.1,(±5.7),802,70,59.5,50.7,68.3,(±8.8),459,70,64,56.6,71.4,(±7.4),515,70,54,46.4,61.6,(±7.6),498,70,54.6,47.2,62,(±7.4),441,70,53,46.9,59.1,(±6.1),522,70,58.1,55.2,61,(±2.9),5930,70,52.3,49.2,55.4,(±3.1),4902,70,51.1,47.8,54.4,(±3.3),4264,70,42.4,40,44.8,(±2.4),6473,70,50.4,47.5,53.3,(±2.9),5223,70,53.8,50.3,57.3,(±3.5),3805,70,45.5,41.8,49.2,(±3.7),3115,70,45.5,41.8,49.2,(±3.7),2593,70,37.7,35,40.4,(±2.7),3921,70,45.8,42.3,49.3,(±3.5),3191,70,52.3,47.6,57,(±4.7),1964,70,43.8,38.7,48.9,(±5.1),1547,70,41.3,36.6,46,(±4.7),1320,70,34.3,30.8,37.8,(±3.5),1989,70,41.1,36.4,45.8,(±4.7),1679,70,56.5,51.4,61.6,(±5.1),1841,70,49.2,43.7,54.7,(±5.5),1568,70,54.1,48.6,59.6,(±5.5),1273,70,44.3,40.2,48.4,(±4.1),1932,70,55.5,50.6,60.4,(±4.9),1512,70,74.9,70.6,79.2,(±4.3),2125,70,76.8,71.9,81.7,(±4.9),1787,70,70.9,64.4,77.4,(±6.5),1671,70,58.4,54.5,62.3,(±3.9),2552,70,67.1,62.8,71.4,(±4.3),2032,70
Tennessee,48.8,46.6,51,(±2.2),6192,70,46.3,44.2,48.4,(±2.1),5803,70,43.9,41.7,46.1,(±2.2),6367,70,36.4,34.4,38.4,(±2.0),4963,70,48.2,45.9,50.5,(±2.3),5775,70,61.8,57.8,65.8,(±4.0),2031,70,61.8,58.1,65.5,(±3.7),1862,70,57.4,53.6,61.2,(±3.8),2028,70,61.5,57.5,65.5,(±4.0),1787,70,62.1,58.6,65.6,(±3.5),2031,70,65.9,59.3,72.5,(±6.6),623,70,73.9,67.5,80.3,(±6.4),565,70,68.1,60.8,75.4,(±7.3),641,70,66.4,59.6,73.2,(±6.8),590,70,71.3,65.1,77.5,(±6.2),664,70,68.5,62.8,74.2,(±5.7),936,70,63.7,58.7,68.7,(±5.0),782,70,58.1,52.7,63.5,(±5.4),878,70,61,55.3,66.7,(±5.7),726,70,64.7,59.2,70.2,(±5.5),767,70,47.3,40,54.6,(±7.3),472,70,50.3,42.9,57.7,(±7.4),515,70,46.9,39.7,54.1,(±7.2),509,70,57.6,50.3,64.9,(±7.3),471,70,51.5,46.1,56.9,(±5.4),600,70,45.1,42.6,47.6,(±2.5),4161,70,41.9,39.4,44.4,(±2.5),3941,70,40.2,37.7,42.7,(±2.5),4339,70,29.4,27,31.8,(±2.4),3176,70,44.3,41.6,47,(±2.7),3744,70,39.2,36.3,42.1,(±2.9),2494,70,36.8,33.9,39.7,(±2.9),2438,70,34.4,31.5,37.3,(±2.9),2872,70,24.4,21.9,26.9,(±2.5),2153,70,38,34.7,41.3,(±3.3),2362,70,34,30.1,37.9,(±3.9),1182,70,34,30.1,37.9,(±3.9),1180,70,29.4,26.1,32.7,(±3.3),1575,70,19.9,16.8,23,(±3.1),1220,70,33.3,28.6,38,(±4.7),1233,70,49,44.9,53.1,(±4.1),1312,70,41.8,37.7,45.9,(±4.1),1258,70,45.1,39.8,50.4,(±5.3),1297,70,34,29.3,38.7,(±4.7),933,70,46.1,41.6,50.6,(±4.5),1129,70,67.9,64.2,71.6,(±3.7),1667,70,61.1,57.6,64.6,(±3.5),1503,70,61.4,57.1,65.7,(±4.3),1467,70,47.6,43.1,52.1,(±4.5),1023,70,66.9,63,70.8,(±3.9),1382,70
Texas,50.1,48.2,52,(±1.9),22940,70,47.9,45.7,50.1,(±2.2),21564,70,43.5,41.5,45.5,(±2.0),23340,70,37.6,35.9,39.3,(±1.7),18715,70,47.9,46.2,49.6,(±1.7),20511,70,64.4,61.4,67.4,(±3.0),12127,70,62.1,58.9,65.3,(±3.2),12125,70,60.3,57.7,62.9,(±2.6),14470,70,58,56.1,59.9,(±1.9),10516,70,61.8,59.9,63.7,(±1.9),10954,70,75.5,71.9,79.1,(±3.6),3398,70,71.8,66.5,77.1,(±5.3),3560,70,71.9,66.8,77,(±5.1),4408,70,65.4,62.2,68.6,(±3.2),3588,70,72.6,69.4,75.8,(±3.2),3758,70,66.3,62.5,70.1,(±3.8),5441,70,63,58.1,67.9,(±4.9),5001,70,59.8,56.1,63.5,(±3.7),5913,70,60.9,57.9,63.9,(±3.0),3245,70,63.9,60.9,66.9,(±3.0),3407,70,53.3,47.4,59.2,(±5.9),3288,70,50.2,44.7,55.7,(±5.5),3564,70,50.3,46,54.6,(±4.3),4149,70,48.1,45.2,51,(±2.9),3683,70,51.9,49.1,54.7,(±2.8),3789,70,45.3,42.9,47.7,(±2.4),10813,70,43.2,40.5,45.9,(±2.7),9439,70,37.9,35.4,40.4,(±2.5),8870,70,30.7,28.5,32.9,(±2.2),8199,70,43.2,41,45.4,(±2.2),9557,70,39.9,37.2,42.6,(±2.7),6919,70,38.7,35.6,41.8,(±3.1),5810,70,32.9,30,35.8,(±2.9),5148,70,26,23.6,28.4,(±2.4),5350,70,37.7,35.3,40.1,(±2.4),5918,70,34.1,31,37.2,(±3.1),3826,70,36,32.3,39.7,(±3.7),3195,70,29.2,25.7,32.7,(±3.5),2693,70,23.5,20.8,26.2,(±2.7),3182,70,33.5,30.6,36.4,(±2.9),3442,70,53.1,48.6,57.6,(±4.5),3093,70,44.9,39,50.8,(±5.9),2615,70,41.9,36.6,47.2,(±5.3),2455,70,32,28.1,35.9,(±3.9),2168,70,47.3,43.2,51.4,(±4.1),2476,70,72.3,69,75.6,(±3.3),3894,70,65.1,60.4,69.8,(±4.7),3629,70,62.1,57.6,66.6,(±4.5),3722,70,52.6,47.5,57.7,(±5.1),2849,70,67.5,63.8,71.2,(±3.7),3639,70
Utah,46.9,43.2,50.6,(±3.7),8418,70,43.5,41.6,45.4,(±1.9),8627,70,43.4,41.7,45.1,(±1.7),10503,70,38.5,37,40,(±1.5),9382,70,45.9,44.3,47.5,(±1.6),10046,70,56.7,51.4,62,(±5.3),1574,70,52.9,49,56.8,(±3.9),1702,70,48.9,44.4,53.4,(±4.5),1675,70,47.4,43.7,51.1,(±3.7),1755,70,55.8,52,59.6,(±3.8),1719,70,71.9,63,80.8,(±8.9),517,70,64.4,57.9,70.9,(±6.5),534,70,60.8,53.5,68.1,(±7.3),566,70,57.4,51.4,63.4,(±6.0),565,70,72.6,66,79.2,(±6.6),583,70,56.4,48.4,64.4,(±8.0),618,70,54.7,49,60.4,(±5.7),610,70,51.2,44.8,57.6,(±6.4),633,70,53.3,47.9,58.7,(±5.4),696,70,54.9,49.4,60.4,(±5.5),690,70,45,36.6,53.4,(±8.4),439,70,42.6,35.8,49.4,(±6.8),558,70,36.3,28.6,44,(±7.7),476,70,32.8,27.1,38.5,(±5.7),494,70,44.7,38.5,50.9,(±6.2),446,70,42.8,38.1,47.5,(±4.7),6844,70,39.6,37.4,41.8,(±2.2),6925,70,41.2,39.6,42.8,(±1.6),8828,70,34.8,33.2,36.4,(±1.6),7627,70,41.9,40.3,43.5,(±1.6),8327,70,40,34.7,45.3,(±5.3),5102,70,35.8,33.4,38.2,(±2.4),5003,70,37.2,35.4,39,(±1.8),6166,70,30.7,28.9,32.5,(±1.8),5728,70,37.5,35.7,39.3,(±1.8),6037,70,38.1,31.6,44.6,(±6.5),3219,70,32.5,29.8,35.2,(±2.7),3161,70,34.2,32,36.4,(±2.2),3895,70,28.1,26.1,30.1,(±2.0),3940,70,34.7,32.5,36.9,(±2.2),4129,70,46.3,37.1,55.5,(±9.2),1883,70,46.6,42.5,50.7,(±4.1),1842,70,45.6,42.7,48.5,(±2.9),2271,70,39,35.7,42.3,(±3.3),1788,70,46.1,43,49.2,(±3.1),1908,70,59.2,49.2,69.2,(±10.0),1742,70,62,58.1,65.9,(±3.9),1922,70,61.7,58.6,64.8,(±3.1),2662,70,57.9,54.4,61.4,(±3.5),1899,70,64.2,61.3,67.1,(±2.9),2290,70
Vermont,49.9,47.9,51.9,(±2.0),7122,70,49.2,47.1,51.3,(±2.1),6678,70,47.3,45.2,49.4,(±2.1),7526,70,43.6,41.5,45.7,(±2.1),6936,70,51.9,49.8,54,(±2.1),7170,70,62.4,58.5,66.3,(±3.9),2214,70,58.9,54,63.8,(±4.9),1964,70,59.9,55.2,64.6,(±4.7),2426,70,59.5,55.4,63.6,(±4.1),1997,70,59.4,54.7,64.1,(±4.7),2411,70,71.7,64.4,79,(±7.3),600,70,76,66.7,85.3,(±9.3),562,70,75.6,69.2,82,(±6.4),684,70,69.2,60.7,77.7,(±8.5),585,70,72.4,64.8,80,(±7.6),717,70,62.5,57,68,(±5.5),1101,70,56.5,50,63,(±6.5),975,70,61.1,55.4,66.8,(±5.7),1173,70,63.2,58.4,68,(±4.8),1031,70,64.6,59.6,69.6,(±5.0),1164,70,55.9,48.8,63,(±7.1),513,70,51.7,44.2,59.2,(±7.5),427,70,49.2,39.7,58.7,(±9.5),569,70,46.3,38.5,54.1,(±7.8),381,70,44.7,35.6,53.8,(±9.1),530,70,47,44.6,49.4,(±2.4),4908,70,46.9,44.5,49.3,(±2.4),4714,70,44.4,42,46.8,(±2.4),5100,70,40,37.6,42.4,(±2.4),4939,70,50.2,47.8,52.6,(±2.4),4759,70,41.2,38.3,44.1,(±2.9),3480,70,41.3,38.4,44.2,(±2.9),3191,70,38.5,35.8,41.2,(±2.7),3326,70,33.4,30.5,36.3,(±2.9),3086,70,44,41.1,46.9,(±2.9),2828,70,37.2,33.1,41.3,(±4.1),1751,70,37.8,33.9,41.7,(±3.9),1480,70,33,29.3,36.7,(±3.7),1598,70,27.2,24.1,30.3,(±3.1),1483,70,37.8,33.7,41.9,(±4.1),1288,70,47.7,44,51.4,(±3.7),1729,70,46.6,42.7,50.5,(±3.9),1711,70,47.9,44.2,51.6,(±3.7),1728,70,43.8,38.9,48.7,(±4.9),1603,70,53.9,50.2,57.6,(±3.7),1540,70,68.3,64.6,72,(±3.7),1428,70,66.8,63.5,70.1,(±3.3),1523,70,63.9,60.6,67.2,(±3.3),1774,70,60.8,57.7,63.9,(±3.1),1853,70,69.4,66.1,72.7,(±3.3),1931,70
Virginia,51.8,49.9,53.7,(±1.9),9953,70,49.5,47.6,51.4,(±1.9),9032,70,50.5,48.4,52.6,(±2.1),8821,70,48.1,46.5,49.7,(±1.6),9944,70,54.7,53,56.4,(±1.7),11249,70,65,60.6,69.4,(±4.4),2624,70,62.4,58.2,66.6,(±4.2),2799,70,60.2,56,64.4,(±4.2),2996,70,65.2,61.3,69.1,(±3.9),2623,70,69.6,66.4,72.8,(±3.2),3148,70,73.9,65.9,81.9,(±8.0),885,70,74.7,68.5,80.9,(±6.2),901,70,73.9,66.6,81.2,(±7.3),940,70,83.1,77.2,89,(±5.9),862,70,84.6,80.1,89.1,(±4.5),1130,70,68.8,62.3,75.3,(±6.5),1140,70,65.3,59.2,71.4,(±6.1),1263,70,59.9,53.7,66.1,(±6.2),1313,70,65.9,60.6,71.2,(±5.3),1088,70,67.3,62.8,71.8,(±4.5),1442,70,51.2,43.7,58.7,(±7.5),599,70,48.2,40.7,55.7,(±7.5),635,70,50.2,42.9,57.5,(±7.3),743,70,50.2,42.7,57.7,(±7.5),673,70,57.1,50.3,63.9,(±6.8),576,70,48.2,46,50.4,(±2.2),7329,70,46,43.8,48.2,(±2.2),6233,70,47.9,45.5,50.3,(±2.4),5825,70,43.4,41.6,45.2,(±1.8),7321,70,50.6,48.6,52.6,(±2.0),8101,70,43.9,41.2,46.6,(±2.7),5082,70,40.7,38.3,43.1,(±2.4),4248,70,43.2,40.3,46.1,(±2.9),3878,70,37.8,35.6,40,(±2.2),4658,70,45.6,43.2,48,(±2.4),5467,70,39.9,36.4,43.4,(±3.5),2607,70,37.5,34.4,40.6,(±3.1),2260,70,39.5,35.8,43.2,(±3.7),2116,70,33.1,30.2,36,(±2.9),2416,70,42.6,39.5,45.7,(±3.1),3062,70,52.2,48.7,55.7,(±3.5),2475,70,47.3,43.4,51.2,(±3.9),1988,70,50.9,46.6,55.2,(±4.3),1762,70,47.3,44.2,50.4,(±3.1),2242,70,51.8,48.5,55.1,(±3.3),2405,70,67.7,64.4,71,(±3.3),2247,70,69.5,65.8,73.2,(±3.7),1985,70,67.1,63.6,70.6,(±3.5),1947,70,65.2,62.3,68.1,(±2.9),2663,70,71.4,68.5,74.3,(±2.9),2634,70
Washington,49.5,48,51,(±1.5),11930,70,47.9,46.4,49.4,(±1.5),14147,70,48.3,47,49.6,(±1.3),14690,70,48.5,46.9,50.1,(±1.6),10814,70,53.8,52.2,55.4,(±1.6),12131,70,57.2,53.3,61.1,(±3.9),2253,70,60.9,57.3,64.5,(±3.6),2428,70,56.7,53.1,60.3,(±3.6),2679,70,61.3,57.8,64.8,(±3.5),1972,70,63.8,60.4,67.2,(±3.4),2185,70,70.2,63.9,76.5,(±6.3),677,70,76.1,70.3,81.9,(±5.8),766,70,69.9,63.8,76,(±6.1),858,70,70.9,65.1,76.7,(±5.8),664,70,76.1,70.2,82,(±5.9),763,70,59.4,53.9,64.9,(±5.5),1046,70,59.8,54.9,64.7,(±4.9),1029,70,56.9,51.9,61.9,(±5.0),1207,70,62.8,57.8,67.8,(±5.0),807,70,65.1,60.3,69.9,(±4.8),932,70,43,36.2,49.8,(±6.8),530,70,49.5,42.1,56.9,(±7.4),633,70,45.9,38.6,53.2,(±7.3),614,70,51.5,44.9,58.1,(±6.6),501,70,49.3,43,55.6,(±6.3),490,70,47.3,45.7,48.9,(±1.6),9677,70,44.3,42.7,45.9,(±1.6),11719,70,46,44.6,47.4,(±1.4),12011,70,44.9,43.1,46.7,(±1.8),8842,70,51.1,49.3,52.9,(±1.8),9946,70,42.2,40.4,44,(±1.8),6138,70,38.5,36.5,40.5,(±2.0),7380,70,40.7,38.9,42.5,(±1.8),7545,70,39.5,37.3,41.7,(±2.2),5583,70,45.4,43.4,47.4,(±2.0),6012,70,39.5,37.1,41.9,(±2.4),3145,70,33.6,31.1,36.1,(±2.5),3705,70,36.3,34.1,38.5,(±2.2),4064,70,35,32.3,37.7,(±2.7),3122,70,41.3,38.8,43.8,(±2.5),3362,70,47.9,45.4,50.4,(±2.5),2993,70,48.1,45.6,50.6,(±2.5),3675,70,49.7,47.2,52.2,(±2.5),3481,70,49,45.5,52.5,(±3.5),2461,70,53.9,51,56.8,(±2.9),2650,70,68.7,66.2,71.2,(±2.5),3539,70,68.6,66.1,71.1,(±2.5),4339,70,66.7,64.3,69.1,(±2.4),4466,70,65.4,62.9,67.9,(±2.5),3259,70,71.7,69.2,74.2,(±2.5),3934,70
West Virginia,51.1,49.1,53.1,(±2.0),7024,70,49.6,47.8,51.4,(±1.8),7627,70,49.6,47.7,51.5,(±1.9),7184,70,47.6,45.6,49.6,(±2.0),6542,70,48.2,46.2,50.2,(±2.0),6964,70,60.5,55.9,65.1,(±4.6),2090,70,56.7,51.8,61.6,(±4.9),2064,70,54.8,50.9,58.7,(±3.9),2327,70,53,49.7,56.3,(±3.3),2508,70,55.2,52.2,58.2,(±3.0),2883,70,68.9,61.3,76.5,(±7.6),619,70,60.1,48.7,71.5,(±11.4)‡,637,70,69.4,63.5,75.3,(±5.9),742,70,62.6,56,69.2,(±6.6),785,70,69.5,64.5,74.5,(±5.0),950,70,63.2,57.5,68.9,(±5.7),986,70,60,54.5,65.5,(±5.5),920,70,52.5,47.4,57.6,(±5.1),1067,70,51,46.5,55.5,(±4.5),1160,70,54.5,50.6,58.4,(±3.9),1359,70,49.3,37.8,60.8,(±11.5)‡,485,70,47.9,38.3,57.5,(±9.6),507,70,46.4,37.5,55.3,(±8.9),518,70,48.5,41.8,55.2,(±6.7),563,70,45.8,39.7,51.9,(±6.1),574,70,48.8,46.6,51,(±2.2),4934,70,47.9,45.9,49.9,(±2.0),5563,70,48.3,46.1,50.5,(±2.2),4857,70,46.3,43.9,48.7,(±2.4),4034,70,46.5,44.1,48.9,(±2.4),4081,70,41.6,39.1,44.1,(±2.5),3358,70,40.5,38.1,42.9,(±2.4),3854,70,40.1,37.6,42.6,(±2.5),3217,70,39,36.3,41.7,(±2.7),2510,70,39.1,36.4,41.8,(±2.7),2471,70,34.5,31.2,37.8,(±3.3),1768,70,33,30.1,35.9,(±2.9),2025,70,34,30.7,37.3,(±3.3),1638,70,34.8,31.1,38.5,(±3.7),1219,70,32.5,29,36,(±3.5),1212,70,53.9,50,57.8,(±3.9),1590,70,53.7,49.4,58,(±4.3),1829,70,51,47.5,54.5,(±3.5),1579,70,46.2,42.1,50.3,(±4.1),1291,70,50.9,46.8,55,(±4.1),1259,70,72.4,69.3,75.5,(±3.1),1576,70,71.6,68.7,74.5,(±2.9),1709,70,72.6,69.5,75.7,(±3.1),1640,70,68.1,64.8,71.4,(±3.3),1524,70,69.1,65.6,72.6,(±3.5),1610,70
Wisconsin,44.1,41.6,46.6,(±2.5),5535,70,42.7,40.4,45,(±2.3),5460,70,43.7,41.5,45.9,(±2.2),5732,70,40.4,38.4,42.4,(±2.0),6323,70,50.9,48.6,53.2,(±2.3),5561,70,59.3,55.1,63.5,(±4.2),1899,70,60,55.8,64.2,(±4.2),1943,70,59.5,55.6,63.4,(±3.9),2164,70,60,56.5,63.5,(±3.5),2032,70,60,56.8,63.2,(±3.2),2600,70,71.8,64.8,78.8,(±7.0),496,70,72.7,66.7,78.7,(±6.0),575,70,72.7,66.6,78.8,(±6.1),669,70,70.8,64.3,77.3,(±6.5),637,70,75.5,69.4,81.6,(±6.1),822,70,59.9,54.8,65,(±5.1),965,70,63.6,57.3,69.9,(±6.3),850,70,61.1,55,67.2,(±6.1),945,70,62.5,57.6,67.4,(±4.9),868,70,61.7,57.3,66.1,(±4.4),1177,70,48.6,39.6,57.6,(±9.0),438,70,42.7,36.2,49.2,(±6.5),518,70,44.7,38.5,50.9,(±6.2),550,70,46.3,40.3,52.3,(±6.0),527,70,44.3,38.7,49.9,(±5.6),601,70,39.8,36.9,42.7,(±2.9),3636,70,37.9,35.2,40.6,(±2.7),3517,70,39.3,36.8,41.8,(±2.5),3568,70,34.9,32.5,37.3,(±2.4),4291,70,48.4,45.7,51.1,(±2.7),2961,70,35.6,32.3,38.9,(±3.3),2456,70,34.8,31.5,38.1,(±3.3),2331,70,35,32.1,37.9,(±2.9),2411,70,30.7,28,33.4,(±2.7),2807,70,43.4,40.1,46.7,(±3.3),1864,70,33.8,29.3,38.3,(±4.5),1296,70,31,26.7,35.3,(±4.3),1181,70,32.1,28.2,36,(±3.9),1299,70,29,25.5,32.5,(±3.5),1506,70,40.4,35.9,44.9,(±4.5),938,70,39,34.5,43.5,(±4.5),1160,70,42.2,38.1,46.3,(±4.1),1150,70,40.7,36.2,45.2,(±4.5),1112,70,33.8,29.5,38.1,(±4.3),1301,70,48.4,43.7,53.1,(±4.7),926,70,57.2,51.9,62.5,(±5.3),1180,70,49.9,45.8,54,(±4.1),1186,70,55.7,51,60.4,(±4.7),1157,70,50.2,46.5,53.9,(±3.7),1484,70,66,61.7,70.3,(±4.3),1097,70
Wyoming,40.4,38.3,42.5,(±2.1),6660,70,38.1,35.9,40.3,(±2.2),5668,70,38.9,36.8,41,(±2.1),6294,70,35.3,33.4,37.2,(±1.9),5306,70,40.7,38.4,43,(±2.3),5447,70,45.6,41.3,49.9,(±4.3),1981,70,41.7,37.2,46.2,(±4.5),1927,70,43,38.5,47.5,(±4.5),2623,70,43.2,39.3,47.1,(±3.9),1804,70,46,42,50,(±4.0),1957,70,61.6,53.8,69.4,(±7.8),560,70,53.9,45.6,62.2,(±8.3),546,70,63.6,56.2,71,(±7.4),792,70,59.2,50.8,67.6,(±8.4),558,70,51.1,43.1,59.1,(±8.0),643,70,45,39,51,(±6.0),851,70,44.4,38.8,50,(±5.6),872,70,40.5,34,47,(±6.5),1155,70,42.8,37.7,47.9,(±5.1),776,70,49.8,44.4,55.2,(±5.4),894,70,34.3,26.7,41.9,(±7.6),570,70,26.8,19.9,33.7,(±6.9),509,70,32.7,26.4,39,(±6.3),676,70,32.3,26.3,38.3,(±6.0),470,70,33.3,26.8,39.8,(±6.5),420,70,38.9,36.5,41.3,(±2.4),4679,70,37,34.5,39.5,(±2.5),3741,70,37.7,35.3,40.1,(±2.4),3671,70,32.9,30.7,35.1,(±2.2),3502,70,39.1,36.4,41.8,(±2.7),3490,70,33.9,31.2,36.6,(±2.7),2611,70,31.1,28.2,34,(±2.9),2113,70,32.4,29.7,35.1,(±2.7),2264,70,27.4,24.9,29.9,(±2.5),2138,70,32.4,29.3,35.5,(±3.1),1958,70,30.4,26.7,34.1,(±3.7),1083,70,26.6,22.7,30.5,(±3.9),902,70,29.4,25.7,33.1,(±3.7),1035,70,24,20.7,27.3,(±3.3),1047,70,28,24.1,31.9,(±3.9),964,70,40,36.5,43.5,(±3.5),1528,70,39.9,36,43.8,(±3.9),1211,70,38.6,34.7,42.5,(±3.9),1229,70,34.4,30.7,38.1,(±3.7),1091,70,42.1,35.6,48.6,(±6.5),994,70,60.6,57.5,63.7,(±3.1),2068,70,61.9,58.2,65.6,(±3.7),1628,70,59,55.3,62.7,(±3.7),1407,70,53.8,50.3,57.3,(±3.5),1364,70,63.9,60,67.8,(±3.9),1532,70
United States,47.1,46.8,47.4,(±0.3),451358,70,45.6,45.2,46,(±0.4),446013,70,46.8,46.3,47.3,(±0.5),468970,70,41.7,41.4,42,(±0.3),436204,70,49.2,48.9,49.5,(±0.3),441506,70,59.3,58.5,60.1,(±0.8),128143,70,59.3,58.5,60.1,(±0.8),126846,70,59,58.3,59.7,(±0.7),143169,70,57.9,57.2,58.6,(±0.7),123061,70,62.6,61.9,63.3,(±0.7),139358,70,70.4,69.1,71.7,(±1.3),37626,70,70,68.6,71.4,(±1.4),38713,70,70,68.7,71.3,(±1.3),44094,70,67.8,66.6,69,(±1.2),39205,70,73.4,72.2,74.6,(±1.2),46248,70,61.8,60.7,62.9,(±1.1),59075,70,61.8,60.6,63,(±1.2),54825,70,59.9,58.9,60.9,(±1.0),63130,70,59.5,58.6,60.4,(±0.9),52323,70,63.6,62.6,64.6,(±1.0),59141,70,46.6,45.2,48,(±1.4),31442,70,46.8,45.4,48.2,(±1.4),33308,70,48.8,47.5,50.1,(±1.3),35945,70,47.4,46.2,48.6,(±1.2),31533,70,52.2,50.9,53.5,(±1.3),33969,70,43.6,43.2,44,(±0.4),323215,70,41.7,41.3,42.1,(±0.4),319167,70,43.3,42.7,43.9,(±0.6),325801,70,37.1,36.7,37.5,(±0.4),313143,70,45.3,44.9,45.7,(±0.4),302148,70,38,37.4,38.6,(±0.6),208124,70,36.3,35.7,36.9,(±0.6),205848,70,37.5,36.9,38.1,(±0.6),206532,70,31.1,30.7,31.5,(±0.4),201155,70,39,38.4,39.6,(±0.6),190093,70,33.5,32.7,34.3,(±0.8),105619,70,32.7,31.9,33.5,(±0.8),105988,70,33.6,32.8,34.4,(±0.8),107527,70,26.9,26.3,27.5,(±0.6),108486,70,34.9,34.3,35.5,(±0.6),103839,70,47,46.2,47.8,(±0.8),102505,70,43.6,42.8,44.4,(±0.8),99860,70,45.4,44.4,46.4,(±1.0),99005,70,39.7,38.9,40.5,(±0.8),92669,70,47.3,46.5,48.1,(±0.8),86254,70,66.7,65.9,67.5,(±0.8),115091,70,63.4,62.6,64.2,(±0.8),113319,70,65.3,64.3,66.3,(±1.0),119269,70,59.6,58.8,60.4,(±0.8),111988,70,68.1,67.3,68.9,(±0.8),112055,70
Region  1,53.7,52.4,55,(±1.3),49542,70,51.3,50,52.6,(±1.3),49661,70,51.1,49.9,52.3,(±1.2),51746,70,47.4,46.2,48.6,(±1.2),45779,70,56.5,55.5,57.5,(±1.0),47287,70,71.3,69.4,73.2,(±1.9),12968,70,71.4,69.6,73.2,(±1.8),13850,70,69.3,67.4,71.2,(±1.9),15385,70,70.9,69,72.8,(±1.9),12549,70,75.3,73.5,77.1,(±1.8),13207,70,80.3,77,83.6,(±3.3),3611,70,82.8,79.4,86.2,(±3.4),4054,70,80,77.2,82.8,(±2.8),4576,70,76.6,73.4,79.8,(±3.2),3784,70,85,81.7,88.3,(±3.3),4089,70,73.8,70.9,76.7,(±2.9),6250,70,73.9,71.3,76.5,(±2.6),6633,70,70.3,67.8,72.8,(±2.5),7404,70,72.6,70.1,75.1,(±2.5),6190,70,75.1,72.5,77.7,(±2.6),5855,70,61.8,58.2,65.4,(±3.6),3107,70,59.6,56.3,62.9,(±3.3),3163,70,60,55.9,64.1,(±4.1),3405,70,64,60.1,67.9,(±3.9),2575,70,68.5,65.2,71.8,(±3.3),3263,70,49.2,47.6,50.8,(±1.6),36574,70,46.2,44.6,47.8,(±1.6),35811,70,46.6,45.2,48,(±1.4),36361,70,41.6,40.2,43,(±1.4),33230,70,52,50.8,53.2,(±1.2),34080,70,44.1,42.3,45.9,(±1.8),23786,70,41.4,39.4,43.4,(±2.0),22790,70,41.7,40.1,43.3,(±1.6),23045,70,36.7,35.3,38.1,(±1.4),20397,70,46.1,44.7,47.5,(±1.4),20444,70,40.4,37.9,42.9,(±2.5),11374,70,37.2,34.8,39.6,(±2.4),10702,70,38.2,36,40.4,(±2.2),10790,70,32.6,30.8,34.4,(±1.8),9679,70,42.1,40.1,44.1,(±2.0),9776,70,50.8,48.3,53.3,(±2.5),12412,70,48.8,46.1,51.5,(±2.7),12088,70,47.8,45.6,50,(±2.2),12255,70,43.8,41.4,46.2,(±2.4),10718,70,52.9,50.9,54.9,(±2.0),10668,70,68.3,66.1,70.5,(±2.2),12788,70,63.8,61.3,66.3,(±2.5),13021,70,63.9,61.5,66.3,(±2.4),13316,70,58.8,56.3,61.3,(±2.5),12833,70,72.2,70.4,74,(±1.8),13636,70
Region  2,48.1,46.9,49.3,(±1.2),23709,70,48,46.7,49.3,(±1.3),30014,70,49.7,48.4,51,(±1.3),29630,70,42.8,41.8,43.8,(±1.0),31562,70,53.8,52.4,55.2,(±1.4),26785,70,66.3,64.1,68.5,(±2.2),6882,70,66.9,65,68.8,(±1.9),7823,70,66.6,64.7,68.5,(±1.9),8746,70,66.2,64.1,68.3,(±2.1),7143,70,70.7,68.8,72.6,(±1.9),8308,70,76.3,73,79.6,(±3.3),2164,70,78.2,75.3,81.1,(±2.9),2617,70,78.5,75.6,81.4,(±2.9),2816,70,74.9,71.6,78.2,(±3.3),2399,70,79.5,76.5,82.5,(±3.0),2924,70,70.3,67.2,73.4,(±3.1),3168,70,69.4,66.6,72.2,(±2.8),3231,70,68.4,65.7,71.1,(±2.7),3879,70,69.9,67,72.8,(±2.9),3043,70,70.6,67.7,73.5,(±2.9),3509,70,50.8,46.6,55,(±4.2),1550,70,53.6,49.8,57.4,(±3.8),1975,70,54.7,51.1,58.3,(±3.6),2051,70,52.9,48.3,57.5,(±4.6),1701,70,63.5,59.9,67.1,(±3.6),1875,70,43.2,41.8,44.6,(±1.4),16827,70,42.9,41.3,44.5,(±1.6),22191,70,45.3,43.7,46.9,(±1.6),20884,70,36.6,35.4,37.8,(±1.2),24419,70,47.3,45.5,49.1,(±1.8),18477,70,37.5,35.9,39.1,(±1.6),11475,70,37.2,35.4,39,(±1.8),14888,70,39.7,37.9,41.5,(±1.8),13595,70,30.8,29.4,32.2,(±1.4),16674,70,42.1,40.1,44.1,(±2.0),12114,70,32.5,30.3,34.7,(±2.2),6016,70,33.5,31.1,35.9,(±2.4),7710,70,35.8,33.4,38.2,(±2.4),6962,70,26.2,24.4,28,(±1.8),9117,70,38.6,35.9,41.3,(±2.7),6642,70,47.6,45.2,50,(±2.4),5459,70,44.8,42.3,47.3,(±2.5),7178,70,46.9,44.2,49.6,(±2.7),6633,70,40.2,37.8,42.6,(±2.4),7557,70,49.3,46.4,52.2,(±2.9),5472,70,65.9,63.5,68.3,(±2.4),5352,70,65.2,62.7,67.7,(±2.5),7303,70,66.5,64.1,68.9,(±2.4),7289,70,57.9,55.5,60.3,(±2.4),7745,70,66.3,63.6,69,(±2.7),6363,70
Region  3,51.1,49.9,52.3,(±1.2),50892,70,49.4,48.4,50.4,(±1.0),51480,70,52.3,51,53.6,(±1.3),50517,70,47.6,46.3,48.9,(±1.3),48331,70,54.6,53.6,55.6,(±1.0),55570,70,64.1,61.6,66.6,(±2.5),17813,70,63.7,61.4,66,(±2.3),17031,70,63.2,61,65.4,(±2.2),18771,70,65.2,63.4,67,(±1.8),17472,70,69.8,68.3,71.3,(±1.5),21795,70,74.9,70.7,79.1,(±4.2),5533,70,74.9,71.3,78.5,(±3.6),5342,70,74,70.7,77.3,(±3.3),5794,70,76.9,74,79.8,(±2.9),5535,70,81.8,79.4,84.2,(±2.4),7411,70,67.2,64,70.4,(±3.2),8257,70,65.6,62.4,68.8,(±3.2),7433,70,63.7,60.6,66.8,(±3.1),8201,70,65.9,63.4,68.4,(±2.5),7492,70,69.2,67.1,71.3,(±2.1),10028,70,49.4,44.3,54.5,(±5.1),4023,70,51.6,47.3,55.9,(±4.3),4256,70,53.7,49.7,57.7,(±4.0),4776,70,53.2,49.8,56.6,(±3.4),4445,70,59.7,56.5,62.9,(±3.2),4356,70,47.6,46.2,49,(±1.4),33079,70,45.6,44.4,46.8,(±1.2),34449,70,49.4,47.8,51,(±1.6),31746,70,42.9,41.3,44.5,(±1.6),30859,70,50.5,49.3,51.7,(±1.2),33775,70,42.2,40.6,43.8,(±1.6),21505,70,39.9,38.5,41.3,(±1.4),22689,70,43.5,41.7,45.3,(±1.8),20754,70,37.8,36,39.6,(±1.8),19357,70,44.3,42.9,45.7,(±1.4),21387,70,38.1,36.1,40.1,(±2.0),10709,70,35.9,33.9,37.9,(±2.0),11448,70,39.6,37.4,41.8,(±2.2),10758,70,34.1,31.7,36.5,(±2.4),9855,70,39.4,37.8,41,(±1.6),11148,70,50.2,48,52.4,(±2.2),10796,70,47.7,45.5,49.9,(±2.2),11241,70,51.2,48.7,53.7,(±2.5),9996,70,44.8,42.1,47.5,(±2.7),9502,70,53.5,51.5,55.5,(±2.0),10239,70,69.1,67.1,71.1,(±2.0),11574,70,67.3,65.3,69.3,(±2.0),11760,70,70.7,68.3,73.1,(±2.4),10992,70,61.4,58.1,64.7,(±3.3),11502,70,72.7,70.9,74.5,(±1.8),12388,70
Region  4,45.2,44.4,46,(±0.8),63030,70,43.7,42.9,44.5,(±0.8),68401,70,45,44.3,45.7,(±0.7),82132,70,39.6,38.9,40.3,(±0.7),65164,70,45.9,45.1,46.7,(±0.8),68549,70,55,53.4,56.6,(±1.6),18161,70,54.4,52.9,55.9,(±1.5),18152,70,56,54.6,57.4,(±1.4),20692,70,53,51.7,54.3,(±1.3),19705,70,58.4,57,59.8,(±1.4),22852,70,64.8,61.6,68,(±3.2),5286,70,64.5,61.8,67.2,(±2.7),5625,70,66,63.5,68.5,(±2.5),6350,70,63.3,60.7,65.9,(±2.6),6242,70,67.4,64.9,69.9,(±2.5),7511,70,57.5,55.3,59.7,(±2.2),8539,70,56.6,54.6,58.6,(±2.0),8112,70,57.4,55.3,59.5,(±2.1),9583,70,53.7,51.9,55.5,(±1.8),8946,70,59.6,57.7,61.5,(±1.9),10301,70,42.6,39.7,45.5,(±2.9),4336,70,42.6,39.9,45.3,(±2.7),4415,70,45.5,42.8,48.2,(±2.7),4759,70,42.6,40,45.2,(±2.6),4517,70,48.2,45.7,50.7,(±2.5),5040,70,42.5,41.5,43.5,(±1.0),44869,70,40.7,39.7,41.7,(±1.0),50249,70,42.1,41.3,42.9,(±0.8),61440,70,36,35.2,36.8,(±0.8),45459,70,42.5,41.5,43.5,(±1.0),45697,70,35.9,34.7,37.1,(±1.2),27531,70,34.3,33.3,35.3,(±1.0),31883,70,35.1,34.1,36.1,(±1.0),37945,70,28.4,27.4,29.4,(±1.0),28549,70,35.6,34.4,36.8,(±1.2),28066,70,31.5,30.1,32.9,(±1.4),13449,70,30.5,29.1,31.9,(±1.4),16498,70,31,29.8,32.2,(±1.2),19879,70,23,21.8,24.2,(±1.2),15414,70,31.5,29.9,33.1,(±1.6),15319,70,44.2,42.4,46,(±1.8),14082,70,41.8,40.2,43.4,(±1.6),15385,70,43,41.4,44.6,(±1.6),18066,70,39.2,37.4,41,(±1.8),13135,70,43.3,41.1,45.5,(±2.2),12747,70,66.9,65.5,68.3,(±1.4),17338,70,63.5,62.1,64.9,(±1.4),18366,70,65.5,64.1,66.9,(±1.4),23495,70,62.3,60.5,64.1,(±1.8),16910,70,65.2,63.6,66.8,(±1.6),17631,70
Region  5,44.9,44.1,45.7,(±0.8),57016,70,43.8,43,44.6,(±0.8),53880,70,44.6,43.8,45.4,(±0.8),56613,70,41.1,40.4,41.8,(±0.7),62025,70,48.3,47.5,49.1,(±0.8),55393,70,54.8,53.3,56.3,(±1.5),14897,70,55.9,54.3,57.5,(±1.6),14161,70,55.4,53.8,57,(±1.6),15801,70,55.9,54.5,57.3,(±1.4),13999,70,59.6,58.2,61,(±1.4),16318,70,66.9,64.1,69.7,(±2.8),4319,70,67.9,64.8,71,(±3.1),4338,70,67.1,64.5,69.7,(±2.6),4870,70,66.5,63.8,69.2,(±2.7),4403,70,71,68.7,73.3,(±2.3),5324,70,56.4,54.3,58.5,(±2.1),7019,70,57.8,55.5,60.1,(±2.3),5953,70,55.9,53.8,58,(±2.1),6983,70,58.6,56.6,60.6,(±2.0),5861,70,60.9,58.9,62.9,(±2.0),6990,70,42.8,40.2,45.4,(±2.6),3559,70,43.3,40.7,45.9,(±2.6),3870,70,45.8,42,49.6,(±3.8),3948,70,43.7,41.3,46.1,(±2.4),3735,70,48.4,46,50.8,(±2.4),4004,70,42.1,41.1,43.1,(±1.0),42119,70,40.3,39.3,41.3,(±1.0),39719,70,41.6,40.6,42.6,(±1.0),40812,70,36.9,36.1,37.7,(±0.8),48026,70,45.2,44.2,46.2,(±1.0),39075,70,36.9,35.7,38.1,(±1.2),27496,70,35.3,34.1,36.5,(±1.2),26377,70,35.9,34.7,37.1,(±1.2),26156,70,30.9,30.1,31.7,(±0.8),31166,70,39,38,40,(±1.0),24966,70,32.6,31.2,34,(±1.4),13805,70,31.5,30.1,32.9,(±1.4),13970,70,31.5,29.9,33.1,(±1.6),13595,70,26.8,25.6,28,(±1.2),16551,70,34.7,33.3,36.1,(±1.4),13599,70,45.1,43.5,46.7,(±1.6),13691,70,42.7,41.1,44.3,(±1.6),12407,70,44.1,42.1,46.1,(±2.0),12561,70,38.6,37.2,40,(±1.4),14615,70,47.2,45.6,48.8,(±1.6),11367,70,63,61.6,64.4,(±1.4),14623,70,59.8,58.4,61.2,(±1.4),13342,70,63.3,61.7,64.9,(±1.6),14656,70,58.7,57.3,60.1,(±1.4),16860,70,67.5,66.1,68.9,(±1.4),14109,70
Region  6,49.4,48.1,50.7,(±1.3),48806,70,47.1,45.7,48.5,(±1.4),46217,70,44.2,42.8,45.6,(±1.4),49709,70,38.6,37.4,39.8,(±1.2),43226,70,47.7,46.6,48.8,(±1.1),45524,70,63.1,60.9,65.3,(±2.2),20507,70,61.2,58.9,63.5,(±2.3),19832,70,59.6,57.7,61.5,(±1.9),23966,70,58,56.6,59.4,(±1.4),19561,70,61.2,59.8,62.6,(±1.4),21098,70,73,70.2,75.8,(±2.8),5860,70,70.4,66.4,74.4,(±4.0),5810,70,70.1,66.5,73.7,(±3.6),7326,70,65.2,62.7,67.7,(±2.5),6457,70,71.5,69.1,73.9,(±2.4),7190,70,65.2,62.3,68.1,(±2.9),9191,70,63.3,59.8,66.8,(±3.5),8305,70,59.5,56.8,62.2,(±2.7),10110,70,60.3,58.1,62.5,(±2.2),7311,70,62.5,60.3,64.7,(±2.2),7649,70,52.6,48.4,56.8,(±4.2),5456,70,48.9,45.1,52.7,(±3.8),5717,70,50,46.9,53.1,(±3.1),6530,70,48.8,46.5,51.1,(±2.3),5793,70,51.7,49.4,54,(±2.3),6259,70,44.9,43.3,46.5,(±1.6),28299,70,42.5,40.7,44.3,(±1.8),26385,70,39.3,37.5,41.1,(±1.8),25743,70,32.3,30.7,33.9,(±1.6),23665,70,43.3,41.9,44.7,(±1.4),24426,70,39.4,37.6,41.2,(±1.8),17676,70,37.8,35.6,40,(±2.2),15856,70,34,32,36,(±2.0),15092,70,27.2,25.6,28.8,(±1.6),14657,70,37.4,35.8,39,(±1.6),15024,70,34.3,32.1,36.5,(±2.2),9148,70,34.4,31.9,36.9,(±2.5),7922,70,30,27.6,32.4,(±2.4),7627,70,23.8,21.8,25.8,(±2.0),7994,70,32.9,30.9,34.9,(±2.0),8385,70,50.7,47.8,53.6,(±2.9),8528,70,44.9,41.2,48.6,(±3.7),7934,70,43.2,39.9,46.5,(±3.3),7465,70,35,32.3,37.7,(±2.7),6663,70,47.2,44.5,49.9,(±2.7),6639,70,70,67.8,72.2,(±2.2),10623,70,63.6,60.7,66.5,(±2.9),10529,70,62.9,60.2,65.6,(±2.7),10651,70,54.3,51,57.6,(±3.3),9008,70,67.6,65.2,70,(±2.4),9402,70
Region  7,50.6,49.6,51.6,(±1.0),49151,70,48,47.1,48.9,(±0.9),40993,70,48,46.7,49.3,(±1.3),37696,70,43.9,42.9,44.9,(±1.0),40513,70,51.7,50.7,52.7,(±1.0),39108,70,56.4,54.3,58.5,(±2.1),7449,70,59,56.7,61.3,(±2.3),7713,70,56.5,54.5,58.5,(±2.0),8064,70,54.8,52.7,56.9,(±2.1),6118,70,62,59.9,64.1,(±2.1),7748,70,69.7,65.8,73.6,(±3.9),2156,70,70.5,66.9,74.1,(±3.6),2316,70,69.3,65.6,73,(±3.7),2410,70,63.7,59.8,67.6,(±3.9),1956,70,72.6,69,76.2,(±3.6),2527,70,58.5,55.6,61.4,(±2.9),3352,70,63.6,60.1,67.1,(±3.5),3229,70,58.3,55.4,61.2,(±2.9),3373,70,56.7,53.7,59.7,(±3.0),2402,70,62.7,59.9,65.5,(±2.8),3190,70,43.3,39.6,47,(±3.7),1941,70,42.9,39.3,46.5,(±3.6),2168,70,44,40.6,47.4,(±3.4),2281,70,44.2,40.7,47.7,(±3.5),1760,70,51.5,47.3,55.7,(±4.2),2031,70,48.9,47.7,50.1,(±1.2),41702,70,44.8,43.8,45.8,(±1.0),33280,70,45.5,43.9,47.1,(±1.6),29632,70,40.6,39.4,41.8,(±1.2),34395,70,48.7,47.5,49.9,(±1.2),31360,70,42.7,41.3,44.1,(±1.4),26865,70,38.6,37.4,39.8,(±1.2),21363,70,39.4,37.6,41.2,(±1.8),18898,70,34,32.4,35.6,(±1.6),22061,70,42.3,40.9,43.7,(±1.4),19462,70,37.8,36,39.6,(±1.8),13862,70,34.1,32.5,35.7,(±1.6),11084,70,36,33.8,38.2,(±2.2),10083,70,30.8,28.8,32.8,(±2.0),12085,70,38.6,36.8,40.4,(±1.8),10761,70,51.8,49.8,53.8,(±2.0),13003,70,47.2,45.2,49.2,(±2.0),10279,70,46.1,43.4,48.8,(±2.7),8815,70,40.5,38.1,42.9,(±2.4),9976,70,49.9,47.9,51.9,(±2.0),8701,70,72.7,71.1,74.3,(±1.6),14837,70,68.6,67,70.2,(±1.6),11917,70,68,65.6,70.4,(±2.4),10734,70,64,62,66,(±2.0),12334,70,71.5,69.9,73.1,(±1.6),11898,70
Region  8,48.6,47.3,49.9,(±1.3),46144,70,47.1,46.2,48,(±0.9),44614,70,47.1,46.1,48.1,(±1.0),45324,70,43,42.1,43.9,(±0.9),40260,70,49.5,48.6,50.4,(±0.9),46072,70,57.1,54.8,59.4,(±2.3),11299,70,58,55.7,60.3,(±2.3),11246,70,57,54.3,59.7,(±2.7),12823,70,55.9,53.9,57.9,(±2.0),10546,70,60.4,58.5,62.3,(±1.9),11625,70,70.9,66.6,75.2,(±4.3),3366,70,70.3,65.6,75,(±4.7),3430,70,69.7,65.7,73.7,(±4.0),4048,70,68.2,64.9,71.5,(±3.3),3404,70,70.3,66.9,73.7,(±3.4),3857,70,57.2,53.9,60.5,(±3.3),4912,70,59.8,56.8,62.8,(±3.0),4741,70,59.5,55.1,63.9,(±4.4),5448,70,57.7,54.9,60.5,(±2.8),4360,70,62,59.3,64.7,(±2.7),4907,70,46.3,42.3,50.3,(±4.0),3021,70,45.6,41.6,49.6,(±4.0),3075,70,42.8,38.8,46.8,(±4.0),3327,70,43.3,39.8,46.8,(±3.5),2782,70,50.1,46.6,53.6,(±3.5),2861,70,45.9,44.3,47.5,(±1.6),34845,70,43.7,42.7,44.7,(±1.0),33368,70,44.1,43.1,45.1,(±1.0),32501,70,38.9,37.9,39.9,(±1.0),29714,70,46.1,45.1,47.1,(±1.0),34447,70,41,39.2,42.8,(±1.8),22734,70,39,37.8,40.2,(±1.2),21721,70,39,37.8,40.2,(±1.2),20998,70,33.9,32.7,35.1,(±1.2),19587,70,40.8,39.6,42,(±1.2),22057,70,37.9,35.5,40.3,(±2.4),11845,70,35.2,33.6,36.8,(±1.6),11476,70,35.3,33.7,36.9,(±1.6),11267,70,30.7,29.1,32.3,(±1.6),11148,70,36.9,35.3,38.5,(±1.6),12613,70,47.7,45.2,50.2,(±2.5),10889,70,47.9,45.9,49.9,(±2.0),10245,70,47.1,45.1,49.1,(±2.0),9731,70,41.2,39.2,43.2,(±2.0),8439,70,49.8,48,51.6,(±1.8),9444,70,68.6,66.1,71.1,(±2.5),12111,70,65.6,64,67.2,(±1.6),11647,70,66.2,64.4,68,(±1.8),11503,70,60.6,58.6,62.6,(±2.0),10127,70,68,66.4,69.6,(±1.6),12390,70
Region  9,43.8,42.1,45.5,(±1.7),33688,70,43.2,41.4,45,(±1.8),30583,70,46.4,44.2,48.6,(±2.2),33477,70,39.9,38.8,41,(±1.1),35250,70,46.7,45.3,48.1,(±1.4),30862,70,58.2,55.3,61.1,(±2.9),9910,70,58.7,55.8,61.6,(±2.9),8739,70,59.5,56.7,62.3,(±2.8),10134,70,56,53.3,58.7,(±2.7),8887,70,61.8,58.9,64.7,(±2.9),9216,70,71,65.9,76.1,(±5.1),2927,70,68.2,62.9,73.5,(±5.3),2696,70,70.4,65.3,75.5,(±5.1),3187,70,66.9,61.9,71.9,(±5.0),2817,70,74.4,69.6,79.2,(±4.8),3125,70,61.8,57.6,66,(±4.2),4517,70,62.5,58,67,(±4.5),3674,70,59.7,55.6,63.8,(±4.1),4344,70,56.9,53.1,60.7,(±3.8),3835,70,64.4,60,68.8,(±4.4),3786,70,43.9,38.8,49,(±5.1),2466,70,46,41,51,(±5.0),2369,70,50.3,45.3,55.3,(±5.0),2603,70,47.2,42.7,51.7,(±4.5),2235,70,48.9,43.8,54,(±5.1),2305,70,39.5,37.5,41.5,(±2.0),23778,70,38.7,36.5,40.9,(±2.2),21844,70,42.7,40,45.4,(±2.7),23343,70,35.2,34,36.4,(±1.2),26363,70,42.4,40.8,44,(±1.6),21646,70,34,31.8,36.2,(±2.2),15380,70,33.7,31.2,36.2,(±2.5),14166,70,37.5,34.6,40.4,(±2.9),15039,70,29.5,28.1,30.9,(±1.4),17762,70,36.1,34.3,37.9,(±1.8),14279,70,29.3,26.6,32,(±2.7),8381,70,31.7,28.4,35,(±3.3),7870,70,34.4,31.1,37.7,(±3.3),8479,70,25.5,23.9,27.1,(±1.6),10453,70,32.7,30.5,34.9,(±2.2),8525,70,44.6,40.9,48.3,(±3.7),6999,70,38.4,35.3,41.5,(±3.1),6296,70,45,39.1,50.9,(±5.9),6560,70,38.5,36.1,40.9,(±2.4),7309,70,43.6,40.9,46.3,(±2.7),5754,70,64.3,61.2,67.4,(±3.1),8398,70,60.9,57.6,64.2,(±3.3),7678,70,64.4,58.3,70.5,(±6.1),8304,70,58.4,55.9,60.9,(±2.5),8601,70,68,65.1,70.9,(±2.9),7367,70
Region 10,46.7,45.6,47.8,(±1.1),29380,70,44.5,43.5,45.5,(±1.0),30170,70,44.2,43.3,45.1,(±0.9),32126,70,44.1,43.1,45.1,(±1.0),24094,70,50.2,49.2,51.2,(±1.0),26356,70,56.2,53.7,58.7,(±2.5),8257,70,56.2,53.9,58.5,(±2.3),8299,70,53.3,51,55.6,(±2.3),8787,70,56.7,54.5,58.9,(±2.2),7081,70,60.8,58.5,63.1,(±2.3),7191,70,68.5,64.4,72.6,(±4.1),2404,70,69.3,65.4,73.2,(±3.9),2485,70,64.1,59.5,68.7,(±4.6),2717,70,67.2,63.3,71.1,(±3.9),2208,70,74.3,70.1,78.5,(±4.2),2290,70,58.2,54.7,61.7,(±3.5),3870,70,57.1,53.8,60.4,(±3.3),3514,70,54.8,51.6,58,(±3.2),3805,70,56.7,53.5,59.9,(±3.2),2883,70,61.7,58.5,64.9,(±3.2),2926,70,42.6,38.1,47.1,(±4.5),1983,70,44.1,39.7,48.5,(±4.4),2300,70,42.6,38.4,46.8,(±4.2),2265,70,48.5,44.4,52.6,(±4.1),1990,70,48,43.8,52.2,(±4.2),1975,70,44,42.8,45.2,(±1.2),21123,70,41.2,40,42.4,(±1.2),21871,70,41.7,40.7,42.7,(±1.0),23339,70,40.6,39.4,41.8,(±1.2),17013,70,47.3,46.1,48.5,(±1.2),19165,70,39,37.6,40.4,(±1.4),13676,70,36,34.6,37.4,(±1.4),14115,70,36.2,35,37.4,(±1.2),15010,70,35,33.6,36.4,(±1.4),10945,70,41.1,39.7,42.5,(±1.4),12294,70,35.9,34.1,37.7,(±1.8),7030,70,32.1,30.3,33.9,(±1.8),7308,70,32.3,30.7,33.9,(±1.6),8087,70,31,29.2,32.8,(±1.8),6190,70,37.1,35.3,38.9,(±1.8),7071,70,45.5,43.7,47.3,(±1.8),6646,70,43.9,41.9,45.9,(±2.0),6807,70,44,41.8,46.2,(±2.2),6923,70,43.6,41.2,46,(±2.4),4755,70,49.5,47.1,51.9,(±2.4),5223,70,64.8,63,66.6,(±1.8),7447,70,62,59.6,64.4,(±2.4),7756,70,62.4,60.6,64.2,(±1.8),8329,70,61.1,59.1,63.1,(±2.0),6068,70,69.4,67.4,71.4,(±2.0),6871,70
HP 2020 Target,70,NaN,NaN,NA,NA,NA,70,NaN,NaN,NA,NA,NA,70,NaN,NaN,NA,NA,NA,70,NaN,NaN,NA,NA,NA,70,NaN,NaN,NA,NA,NA,70,NaN,NaN,NA,NA,NA,70,NaN,NaN,NA,NA,NA,70,NaN,NaN,NA,NA,NA,70,NaN,NaN,NA,NA,NA,70,NaN,NaN,NA,NA,NA,70,NaN,NaN,NA,NA,NA,70,NaN,NaN,NA,NA,NA,70,NaN,NaN,NA,NA,NA,70,NaN,NaN,NA,NA,NA,70,NaN,NaN,NA,NA,NA,70,NaN,NaN,NA,NA,NA,70,NaN,NaN,NA,NA,NA,70,NaN,NaN,NA,NA,NA,70,NaN,NaN,NA,NA,NA,70,NaN,NaN,NA,NA,NA,70,NaN,NaN,NA,NA,NA,70,NaN,NaN,NA,NA,NA,70,NaN,NaN,NA,NA,NA,70,NaN,NaN,NA,NA,NA,70,NaN,NaN,NA,NA,NA,70,NaN,NaN,NA,NA,NA,70,NaN,NaN,NA,NA,NA,70,NaN,NaN,NA,NA,NA,70,NaN,NaN,NA,NA,NA,70,NaN,NaN,NA,NA,NA,70,NaN,NaN,NA,NA,NA,70,NaN,NaN,NA,NA,NA,70,NaN,NaN,NA,NA,NA,70,NaN,NaN,NA,NA,NA,70,NaN,NaN,NA,NA,NA,70,NaN,NaN,NA,NA,NA,70,NaN,NaN,NA,NA,NA,70,NaN,NaN,NA,NA,NA,70,NaN,NaN,NA,NA,NA,70,NaN,NaN,NA,NA,NA,70,NaN,NaN,NA,NA,NA,70,NaN,NaN,NA,NA,NA,70,NaN,NaN,NA,NA,NA,70,NaN,NaN,NA,NA,NA,70,NaN,NaN,NA,NA,NA,70,NaN,NaN,NA,NA,NA,70,NaN,NaN,NA,NA,NA,70,NaN,NaN,NA,NA,NA,70,NaN,NaN,NA,NA,NA,70,NaN,NaN,NA,NA,NA