,"White only, non-Hispanic",,,,,,"White only, non-Hispanic",,,,,,"White only, non-Hispanic",,,,,,"White only, non-Hispanic",,,,,,"White only, non-Hispanic",,,,,,"Black only, non-Hispanic",,,,,,"Black only, non-Hispanic",,,,,,"Black only, non-Hispanic",,,,,,"Black only, non-Hispanic",,,,,,"Black only, non-Hispanic",,,,,,Hispanic,,,,,,Hispanic,,,,,,Hispanic,,,,,,Hispanic,,,,,,Hispanic,,,,,,"Other or multiple races, non-Hispanic",,,,,,"Other or multiple races, non-Hispanic",,,,,,"Other or multiple races, non-Hispanic",,,,,,"Other or multiple races, non-Hispanic",,,,,,"Other or multiple races, non-Hispanic",,,,,
Names,2014-15,LL,UL,CI,SAMPLE,TARGET,2015-16,LL,UL,CI,SAMPLE,TARGET,2016-17,LL,UL,CI,SAMPLE,TARGET,2017-18,LL,UL,CI,SAMPLE,TARGET,2018-19,LL,UL,CI,SAMPLE,TARGET,2014-15,LL,UL,CI,SAMPLE,TARGET,2015-16,LL,UL,CI,SAMPLE,TARGET,2016-17,LL,UL,CI,SAMPLE,TARGET,2017-18,LL,UL,CI,SAMPLE,TARGET,2018-19,LL,UL,CI,SAMPLE,TARGET,2014-15,LL,UL,CI,SAMPLE,TARGET,2015-16,LL,UL,CI,SAMPLE,TARGET,2016-17,LL,UL,CI,SAMPLE,TARGET,2017-18,LL,UL,CI,SAMPLE,TARGET,2018-19,LL,UL,CI,SAMPLE,TARGET,2014-15:,LL,UL,CI,SAMPLE,TARGET,2015-16,LL,UL,CI,SAMPLE,TARGET,2016-17,LL,UL,CI,SAMPLE,TARGET,2017-18,LL,UL,CI,SAMPLE,TARGET,2018-19,LL,UL,CI,SAMPLE,TARGET
Alabama,47.2,44.8,49.6,(±2.4),6167,70,43.4,41,45.8,(±2.4),5237,70,45.2,42.8,47.6,(±2.4),5298,70,42.7,40.5,44.9,(±2.2),5009,70,50.1,47.6,52.6,(±2.5),5392,70,41.5,37.2,45.8,(±4.3),2211,70,42.6,38.3,46.9,(±4.3),1927,70,39.2,35.5,42.9,(±3.7),1822,70,39.5,35.7,43.3,(±3.8),1663,70,43.4,39,47.8,(±4.4),1672,70,55.9,46.3,65.5,(±9.6),254,70,61.1,51.7,70.5,(±9.4),244,70,55.4,44.1,66.7,(±11.3)‡,302,70,51.4,42.8,60,(±8.6),372,70,64.2,55.9,72.5,(±8.3),383,70,42.9,33.3,52.5,(±9.6),399,70,45.8,34.8,56.8,(±11.0)‡,358,70,38.9,30.8,47,(±8.1),414,70,42.9,35.1,50.7,(±7.8),445,70,36.5,29.6,43.4,(±6.9),460,70
Alaska,43.5,39.9,47.1,(±3.6),3468,70,38.1,35.4,40.8,(±2.7),3157,70,37.8,34.5,41.1,(±3.3),3264,70,39.9,36.5,43.3,(±3.4),2456,70,45.4,41.4,49.4,(±4.0),2881,70,54.2,31.6,76.8,(±22.6)‡,91,70,51.6,33.1,70.1,(±18.5)‡,88,70,48.8,28.9,68.7,(±19.9)‡,87,70,47.2,31.6,62.8,(±15.6)‡,102,70,48.2,33.2,63.2,(±15.0)‡,103,70,40.2,30.6,49.8,(±9.6),307,70,35.5,25.7,45.3,(±9.8),266,70,36,23.8,48.2,(±12.2)‡,293,70,33.9,24.7,43.1,(±9.2),240,70,33,24.1,41.9,(±8.9),205,70,44.7,38.5,50.9,(±6.2),1281,70,37.2,31.8,42.6,(±5.4),1171,70,44.2,35.3,53.1,(±8.9),1298,70,42.7,35,50.4,(±7.7),858,70,41.6,35.3,47.9,(±6.3),930,70
Arizona,42.7,40.4,45,(±2.3),7246,70,41.7,39.7,43.7,(±2.0),6736,70,43.3,41.5,45.1,(±1.8),7705,70,39.5,37.4,41.6,(±2.1),8196,70,47.1,44.4,49.8,(±2.7),5649,70,30.5,23,38,(±7.5),303,70,46.2,36.1,56.3,(±10.1)‡,260,70,33.6,26.8,40.4,(±6.8),337,70,37.7,28.4,47,(±9.3),381,70,48.6,37.8,59.4,(±10.8)‡,222,70,40.4,36.5,44.3,(±3.9),2048,70,39,35.1,42.9,(±3.9),1727,70,41.1,38,44.2,(±3.1),2052,70,36.1,32.7,39.5,(±3.4),2317,70,41.9,37.8,46,(±4.1),1713,70,43.4,37.6,49.2,(±5.8),783,70,46.9,41.4,52.4,(±5.5),887,70,39.6,34.9,44.3,(±4.7),992,70,46,37.1,54.9,(±8.9),1197,70,46.3,39.4,53.2,(±6.9),1013,70
Arkansas,50.5,47.7,53.3,(±2.8),4324,70,45.1,42.4,47.8,(±2.7),4156,70,44.9,42.2,47.6,(±2.7),4705,70,41.5,39.1,43.9,(±2.4),4541,70,49.5,46.6,52.4,(±2.9),3847,70,43,36.9,49.1,(±6.1),848,70,45.9,38.3,53.5,(±7.6),830,70,47.5,35.1,59.9,(±12.4)‡,802,70,38.8,33.3,44.3,(±5.5),869,70,46.6,39.1,54.1,(±7.5),601,70,68.4,58.6,78.2,(±9.8),337,70,55.5,46.5,64.5,(±9.0),312,70,53.1,44.3,61.9,(±8.8),405,70,56,48.1,63.9,(±7.9),402,70,50.7,41.2,60.2,(±9.5),396,70,54.3,42.5,66.1,(±11.8)‡,310,70,39.6,28.5,50.7,(±11.1)‡,342,70,50.2,40.4,60,(±9.8),451,70,39.8,30.8,48.8,(±9.0),431,70,36.1,28.3,43.9,(±7.8),365,70
California,46.6,44,49.2,(±2.6),5427,70,47.8,42.8,52.8,(±5.0),4710,70,50.4,46.4,54.4,(±4.0),3827,70,44.4,42.2,46.6,(±2.2),4912,70,52.3,49.9,54.7,(±2.4),4602,70,39.8,31.3,48.3,(±8.5),533,70,40.7,33.1,48.3,(±7.6),469,70,37,25.9,48.1,(±11.1)‡,389,70,35,29.2,40.8,(±5.8),529,70,40.8,32.6,49,(±8.2),500,70,40.7,36.9,44.5,(±3.8),3109,70,41.1,37.2,45,(±3.9),2758,70,46.6,40.9,52.3,(±5.7),2442,70,35.2,33,37.4,(±2.2),3671,70,44.6,41.8,47.4,(±2.8),3200,70,48.7,43.1,54.3,(±5.6),1442,70,43,38.2,47.8,(±4.8),1447,70,51.7,44.3,59.1,(±7.4),1261,70,43.2,39.6,46.8,(±3.6),1582,70,45,40.6,49.4,(±4.4),1332,70
Colorado,49.7,47.6,51.8,(±2.1),7796,70,48.9,47.1,50.7,(±1.8),7958,70,48.5,46.7,50.3,(±1.8),7503,70,45,43.1,46.9,(±1.9),5652,70,51.6,49.8,53.4,(±1.8),6733,70,47.2,37.3,57.1,(±9.9),282,70,52.6,41.9,63.3,(±10.7)‡,267,70,58.6,48.3,68.9,(±10.3)‡,271,70,40.7,30.9,50.5,(±9.8),214,70,60.3,49.2,71.4,(±11.1)‡,244,70,47.7,42.5,52.9,(±5.2),1515,70,50.2,46.2,54.2,(±4.0),1634,70,51.1,45.7,56.5,(±5.4),1526,70,46.1,42.1,50.1,(±4.0),1272,70,49.5,46,53,(±3.5),1691,70,48.9,40.4,57.4,(±8.5),543,70,48.5,41.7,55.3,(±6.8),543,70,57.3,51.1,63.5,(±6.2),611,70,47.7,40.4,55,(±7.3),455,70,51.7,43.8,59.6,(±7.9),534,70
Connecticut,52.8,50.4,55.2,(±2.4),5904,70,52.5,50.7,54.3,(±1.8),8910,70,53.4,51.6,55.2,(±1.8),8717,70,47.1,45.3,48.9,(±1.8),7226,70,60.5,57.8,63.2,(±2.7),6925,70,52,43.7,60.3,(±8.3),618,70,53.9,45.5,62.3,(±8.4),834,70,49.6,43.6,55.6,(±6.0),748,70,42.9,37.5,48.3,(±5.4),677,70,53.4,47.4,59.4,(±6.0),660,70,56.1,47.1,65.1,(±9.0),886,70,52.5,47.1,57.9,(±5.4),1223,70,53.3,48,58.6,(±5.3),1170,70,46,41.6,50.4,(±4.4),1014,70,46.5,41.7,51.3,(±4.8),952,70,47.8,39.8,55.8,(±8.0),483,70,52.6,45.7,59.5,(±6.9),646,70,50.2,43.8,56.6,(±6.4),744,70,44.2,38.3,50.1,(±5.9),616,70,53.6,48.1,59.1,(±5.5),608,70
Delaware,54.2,50.3,58.1,(±3.9),3265,70,52.7,49.4,56,(±3.3),3295,70,54.6,50.7,58.5,(±3.9),2815,70,48,45.7,50.3,(±2.3),3923,70,53.2,50,56.4,(±3.2),3455,70,52.4,44.1,60.7,(±8.3),810,70,44.3,36.2,52.4,(±8.1),807,70,41.9,34.8,49,(±7.1),693,70,43.6,38.8,48.4,(±4.8),965,70,44.5,36.1,52.9,(±8.4),771,70,52.1,40.9,63.3,(±11.2)‡,541,70,51.9,45.5,58.3,(±6.4),561,70,48.1,41.1,55.1,(±7.0),653,70,51.8,47.1,56.5,(±4.7),969,70,51.6,44.8,58.4,(±6.8),970,70,54,36.3,71.7,(±17.7)‡,374,70,51.7,41.6,61.8,(±10.1)‡,421,70,56,45.6,66.4,(±10.4)‡,470,70,52.5,43.3,61.7,(±9.2),480,70,42.7,35.4,50,(±7.3),500,70
District of Columbia,52.1,47.4,56.8,(±4.7),1921,70,52.1,45.9,58.3,(±6.2),1825,70,56.3,50.8,61.8,(±5.5),1903,70,NR,NaN,NaN,NR,1448,70,NR,NaN,NaN,NR,NR,70,42.5,37.6,47.4,(±4.9),1821,70,42.3,36.2,48.4,(±6.1),1936,70,42.7,38.5,46.9,(±4.2),2228,70,NR,NaN,NaN,NR,1575,70,NR,NaN,NaN,NR,NR,70,44.3,35.2,53.4,(±9.1),529,70,54,41.9,66.1,(±12.1)‡,423,70,52,42.9,61.1,(±9.1),608,70,NR,NaN,NaN,NR,686,70,NR,NaN,NaN,NR,NR,70,45.4,33.6,57.2,(±11.8)‡,396,70,49.2,33.6,64.8,(±15.6)‡,380,70,38.1,27.1,49.1,(±11.0)‡,473,70,NR,NaN,NaN,NR,379,70,NR,NaN,NaN,NR,NR,70
Florida,43.7,41.7,45.7,(±2.0),6398,70,43.5,41.7,45.3,(±1.8),10712,70,45.1,43.6,46.6,(±1.5),20529,70,40.9,38.8,43,(±2.1),8987,70,44.8,43.2,46.4,(±1.6),13049,70,34.3,29.5,39.1,(±4.8),925,70,34.9,30.7,39.1,(±4.2),1615,70,40.5,36.6,44.4,(±3.9),2877,70,31.4,26.6,36.2,(±4.8),1269,70,35.1,30.9,39.3,(±4.2),1789,70,32.9,28.7,37.1,(±4.2),1506,70,33.1,29.9,36.3,(±3.2),2161,70,40.7,38,43.4,(±2.7),3877,70,27.8,24.6,31,(±3.2),1946,70,35.8,32.7,38.9,(±3.1),2507,70,32.7,26.3,39.1,(±6.4),499,70,40.8,34.9,46.7,(±5.9),744,70,40,34.8,45.2,(±5.2),1434,70,31.9,25,38.8,(±6.9),674,70,39.2,33.3,45.1,(±5.9),1166,70
Georgia,44.2,41.4,47,(±2.8),3577,70,43,40.5,45.5,(±2.5),3460,70,45.6,42.6,48.6,(±3.0),3114,70,40.6,38.5,42.7,(±2.1),5241,70,46.4,41.9,50.9,(±4.5),4133,70,42.3,36.7,47.9,(±5.6),1392,70,38.8,33.2,44.4,(±5.6),1477,70,37.1,32.7,41.5,(±4.4),1386,70,34.6,31.5,37.7,(±3.1),2220,70,38.7,31.5,45.9,(±7.2),1557,70,49.6,39.5,59.7,(±10.1)‡,462,70,41,34,48,(±7.0),468,70,46,39.4,52.6,(±6.6),590,70,38.3,34.4,42.2,(±3.9),1041,70,40.1,32.5,47.7,(±7.6),967,70,43.8,33.6,54,(±10.2)‡,414,70,39.5,31.7,47.3,(±7.8),424,70,45.4,36.5,54.3,(±8.9),506,70,44,38.8,49.2,(±5.2),681,70,45.9,36.1,55.7,(±9.8),590,70
Hawaii,48,43.8,52.2,(±4.2),2142,70,45.7,41.4,50,(±4.3),2211,70,43.7,40.2,47.2,(±3.5),2507,70,43.1,39.4,46.8,(±3.7),2416,70,49.8,46.3,53.3,(±3.5),2804,70,40.5,19.8,61.2,(±20.7)‡,64,70,51.8,33.7,69.9,(±18.1)‡,62,70,57.5,38.8,76.2,(±18.7)‡,102,70,51.7,36.9,66.5,(±14.8)‡,114,70,65,52.9,77.1,(±12.1)‡,126,70,54.5,47.7,61.3,(±6.8),788,70,55.9,45.6,66.2,(±10.3)‡,666,70,49.2,43,55.4,(±6.2),818,70,40.3,34.6,46,(±5.7),805,70,49.2,42.6,55.8,(±6.6),877,70,53.4,50.5,56.3,(±2.9),4730,70,51.2,45.7,56.7,(±5.5),4625,70,51.3,48.2,54.4,(±3.1),4988,70,43.8,41.4,46.2,(±2.4),4095,70,50.3,47.4,53.2,(±2.9),4559,70
Idaho,41.8,39.6,44,(±2.2),5019,70,39.6,37.4,41.8,(±2.2),5211,70,39.3,37,41.6,(±2.3),5127,70,36.9,34.4,39.4,(±2.5),3608,70,43.1,40.2,46,(±2.9),3077,70,NR *,NaN,NaN,NR *,NR *,70,49.7,27.3,72.1,(±22.4)‡,30,70,57,35.3,78.7,(±21.7)‡,36,70,NR †,NaN,NaN,NR †,40,70,24.7,10.9,38.5,(±13.8)‡,46,70,47.5,39.7,55.3,(±7.8),443,70,34.8,27.9,41.7,(±6.9),494,70,42.5,35.9,49.1,(±6.6),483,70,39.3,32.7,45.9,(±6.6),450,70,44.1,34.2,54,(±9.9),358,70,39.2,28.3,50.1,(±10.9)‡,231,70,43.9,34.2,53.6,(±9.7),257,70,29.2,20.9,37.5,(±8.3),237,70,35.4,26.1,44.7,(±9.3),254,70,51.3,38.3,64.3,(±13.0)‡,204,70
Illinois,42.9,40.7,45.1,(±2.2),5411,70,42.5,40,45,(±2.5),4803,70,43.2,39.7,46.7,(±3.5),3649,70,41.4,38.9,43.9,(±2.5),4192,70,48.3,45.8,50.8,(±2.5),4893,70,37.6,32.7,42.5,(±4.9),1262,70,39.7,33.7,45.7,(±6.0),1071,70,38.7,31.4,46,(±7.3),854,70,35.5,30.2,40.8,(±5.3),860,70,39.7,34.8,44.6,(±4.9),1011,70,40.5,35.6,45.4,(±4.9),1477,70,49.6,43,56.2,(±6.6),1309,70,38.2,31.5,44.9,(±6.7),1319,70,37.1,33.3,40.9,(±3.8),1632,70,42.4,37.6,47.2,(±4.8),1768,70,44.3,36.8,51.8,(±7.5),735,70,38,31.7,44.3,(±6.3),692,70,43.9,33.7,54.1,(±10.2)‡,676,70,44.4,37.5,51.3,(±6.9),679,70,44.3,36.1,52.5,(±8.2),722,70
Indiana,45.4,43.1,47.7,(±2.3),7318,70,43.5,41.6,45.4,(±1.9),5537,70,43.9,42.2,45.6,(±1.7),9223,70,36.4,34.6,38.2,(±1.8),7858,70,48.3,46.5,50.1,(±1.8),7315,70,37.4,30.3,44.5,(±7.1),510,70,41.6,35.5,47.7,(±6.1),474,70,41,35.4,46.6,(±5.6),784,70,38.8,32.7,44.9,(±6.1),685,70,44.9,38.5,51.3,(±6.4),663,70,43.2,33.8,52.6,(±9.4),397,70,43.8,36.5,51.1,(±7.3),362,70,44.9,39.3,50.5,(±5.6),627,70,38.3,32.9,43.7,(±5.4),674,70,50.4,44.4,56.4,(±6.0),638,70,49.1,40.6,57.6,(±8.5),380,70,47.3,38.3,56.3,(±9.0),328,70,45.6,37.8,53.4,(±7.8),572,70,40.8,34.6,47,(±6.2),515,70,41,34.2,47.8,(±6.8),542,70
Iowa,53.6,51.5,55.7,(±2.1),6476,70,52.5,50.8,54.2,(±1.7),6595,70,51,49.2,52.8,(±1.8),7142,70,47.3,45.7,48.9,(±1.6),6723,70,55.4,53.8,57,(±1.6),7654,70,46.4,33.4,59.4,(±13.0)‡,129,70,42.9,34.2,51.6,(±8.7),191,70,51.3,39.1,63.5,(±12.2)‡,154,70,42.5,32.6,52.4,(±9.9),171,70,51.9,43.3,60.5,(±8.6),227,70,58.4,47.9,68.9,(±10.5)‡,308,70,51.7,44,59.4,(±7.7),346,70,55.8,48.9,62.7,(±6.9),392,70,44.9,38.4,51.4,(±6.5),425,70,49.4,43.7,55.1,(±5.7),524,70,53.6,42.9,64.3,(±10.7)‡,221,70,50,40.5,59.5,(±9.5),255,70,50.2,41.9,58.5,(±8.3),299,70,49.2,42.2,56.2,(±7.0),315,70,55.7,47.6,63.8,(±8.1),334,70
Kansas,48.7,47.1,50.3,(±1.6),13247,70,45.2,43.6,46.8,(±1.6),10651,70,43.3,41.8,44.8,(±1.5),9967,70,40.7,39.1,42.3,(±1.6),11653,70,51.9,50.2,53.6,(±1.7),8248,70,46.2,38.6,53.8,(±7.6),585,70,47.1,39.9,54.3,(±7.2),507,70,40.9,32.7,49.1,(±8.2),436,70,35.2,28.1,42.3,(±7.1),536,70,44.3,37.4,51.2,(±6.9),413,70,46.8,41.7,51.9,(±5.1),1144,70,41.8,36.5,47.1,(±5.3),921,70,47.6,42,53.2,(±5.6),746,70,49.5,44.1,54.9,(±5.4),816,70,47.9,42,53.8,(±5.9),809,70,43.2,37.8,48.6,(±5.4),710,70,40.9,34,47.8,(±6.9),587,70,45.3,39.7,50.9,(±5.6),597,70,38.6,32.6,44.6,(±6.0),637,70,48.6,41.2,56,(±7.4),537,70
Kentucky,48.5,46.3,50.7,(±2.2),7488,70,44.6,42.8,46.4,(±1.8),7275,70,44.1,42.2,46,(±1.9),7282,70,44.4,42.3,46.5,(±2.1),6792,70,49.2,46.8,51.6,(±2.4),4603,70,44.5,36,53,(±8.5),721,70,40.6,33.5,47.7,(±7.1),742,70,41.9,34.2,49.6,(±7.7),812,70,39.4,32.3,46.5,(±7.1),847,70,50.1,39.6,60.6,(±10.5)‡,471,70,51.9,38.5,65.3,(±13.4)‡,240,70,49.2,39.4,59,(±9.8),211,70,65.9,51.1,80.7,(±14.8)‡,267,70,53.7,44.5,62.9,(±9.2),288,70,57.8,45.2,70.4,(±12.6)‡,184,70,42.1,32.5,51.7,(±9.6),343,70,36.6,29.5,43.7,(±7.1),438,70,48.5,39.9,57.1,(±8.6),463,70,38.2,30.3,46.1,(±7.9),383,70,50.6,39.9,61.3,(±10.7)‡,314,70
Louisiana,44.9,41.7,48.1,(±3.2),3381,70,42.6,39.8,45.4,(±2.8),3998,70,42.4,39.9,44.9,(±2.5),4506,70,35.6,32.6,38.6,(±3.0),2627,70,41.9,39.1,44.7,(±2.8),3460,70,42.9,37.8,48,(±5.1),1380,70,45.2,40.7,49.7,(±4.5),1548,70,41.1,37,45.2,(±4.1),1648,70,34.8,29.4,40.2,(±5.4),943,70,42.6,37.8,47.4,(±4.8),1126,70,54.3,44.2,64.4,(±10.1)‡,330,70,44.6,33.7,55.5,(±10.9)‡,301,70,45.2,38.1,52.3,(±7.1),436,70,43.5,35.2,51.8,(±8.3),357,70,49.1,41.3,56.9,(±7.8),426,70,43.8,32.6,55,(±11.2)‡,303,70,53.9,37.3,70.5,(±16.6)‡,350,70,34.4,27.3,41.5,(±7.1),432,70,34.5,24.4,44.6,(±10.1)‡,323,70,30.1,23.4,36.8,(±6.7),348,70
Maine,49.3,47.5,51.1,(±1.8),8603,70,49.4,47.7,51.1,(±1.7),9010,70,50,48.2,51.8,(±1.8),9261,70,41,39.3,42.7,(±1.7),8456,70,48.8,46.9,50.7,(±1.9),9363,70,56.7,36.8,76.6,(±19.9)‡,73,70,54.7,35.9,73.5,(±18.8)‡,71,70,56.4,45.1,67.7,(±11.3)‡,98,70,56.8,41.3,72.3,(±15.5)‡,143,70,53.4,41.2,65.6,(±12.2)‡,113,70,53.5,38.9,68.1,(±14.6)‡,120,70,40.7,27.9,53.5,(±12.8)‡,139,70,45.4,30.4,60.4,(±15.0)‡,163,70,39.2,26.8,51.6,(±12.4)‡,149,70,46.1,35.6,56.6,(±10.5)‡,218,70,50.5,38.5,62.5,(±12.0)‡,288,70,39.3,31.8,46.8,(±7.5),335,70,51.9,43.2,60.6,(±8.7),406,70,37.1,29.9,44.3,(±7.2),448,70,47.5,37.9,57.1,(±9.6),421,70
Maryland,56,53.7,58.3,(±2.3),8009,70,55.1,53.2,57,(±1.9),9666,70,56.4,54.4,58.4,(±2.0),10063,70,52.4,50.7,54.1,(±1.7),9374,70,60.5,58.7,62.3,(±1.8),10916,70,45.5,41,50,(±4.5),2511,70,46.9,43.8,50,(±3.1),3104,70,47.1,43.2,51,(±3.9),3136,70,43.9,41,46.8,(±2.9),2716,70,51.6,48.6,54.6,(±3.0),3284,70,44.6,36.3,52.9,(±8.3),656,70,52.4,47.3,57.5,(±5.1),807,70,52.8,46.8,58.8,(±6.0),804,70,50.3,44.6,56,(±5.7),915,70,50.7,46.1,55.3,(±4.6),1302,70,56.9,49.9,63.9,(±7.0),870,70,47,41.9,52.1,(±5.1),929,70,55.8,50.4,61.2,(±5.4),1096,70,49.8,45.1,54.5,(±4.7),997,70,61.9,55.7,68.1,(±6.2),1248,70
Massachusetts,55.3,52.3,58.3,(±3.0),9358,70,50.9,47.9,53.9,(±3.0),5791,70,50.7,48.2,53.2,(±2.5),6804,70,49.3,46.9,51.7,(±2.4),5590,70,58.8,56.7,60.9,(±2.1),5793,70,56.3,46.3,66.3,(±10.0),642,70,56.2,45.7,66.7,(±10.5)‡,406,70,45.2,36.7,53.7,(±8.5),430,70,45.7,37.7,53.7,(±8.0),375,70,57.7,50.3,65.1,(±7.4),416,70,57.8,50.3,65.3,(±7.5),954,70,49.8,42.5,57.1,(±7.3),855,70,51.9,44.3,59.5,(±7.6),851,70,52.6,46.4,58.8,(±6.2),734,70,61.6,55.7,67.5,(±5.9),798,70,50.3,41.9,58.7,(±8.4),785,70,48.7,36.5,60.9,(±12.2)‡,696,70,47.9,40.8,55,(±7.1),760,70,53,46,60,(±7.0),605,70,58,51.6,64.4,(±6.4),636,70
Michigan,46,43.9,48.1,(±2.1),6147,70,42.8,41,44.6,(±1.8),7311,70,45.5,43.9,47.1,(±1.6),8001,70,41,39.2,42.8,(±1.8),5829,70,47.5,45.6,49.4,(±1.9),7193,70,37.7,32.5,42.9,(±5.2),816,70,37.4,32.6,42.2,(±4.8),1069,70,38.1,31.5,44.7,(±6.6),912,70,30.6,25.7,35.5,(±4.9),759,70,39.8,34.8,44.8,(±5.0),776,70,43.7,35.1,52.3,(±8.6),248,70,46,37.6,54.4,(±8.4),295,70,43.8,36.1,51.5,(±7.7),384,70,45.2,35.5,54.9,(±9.7),322,70,49.9,41.6,58.2,(±8.3),418,70,42.2,35.4,49,(±6.8),469,70,41.2,34.5,47.9,(±6.7),616,70,44.3,38.3,50.3,(±6.0),589,70,36.4,30.8,42,(±5.6),511,70,42.1,36.4,47.8,(±5.7),614,70
Minnesota,51.6,50.2,53,(±1.4),14396,70,49.7,48.3,51.1,(±1.4),11899,70,52,50.5,53.5,(±1.5),10395,70,48.5,47.1,49.9,(±1.4),14686,70,53.1,51.4,54.8,(±1.7),9066,70,52.5,43.9,61.1,(±8.6),429,70,48.2,41.3,55.1,(±6.9),445,70,47.5,40.2,54.8,(±7.3),445,70,47.4,37.8,57,(±9.6),543,70,51.2,43,59.4,(±8.2),342,70,51.2,44.2,58.2,(±7.0),445,70,51.3,45.7,56.9,(±5.6),605,70,55.5,48.2,62.8,(±7.3),599,70,46.2,41,51.4,(±5.2),679,70,60.5,47.7,73.3,(±12.8)‡,527,70,56.2,50.5,61.9,(±5.7),781,70,50.1,44.5,55.7,(±5.6),776,70,49.7,43.7,55.7,(±6.0),690,70,49.3,44.8,53.8,(±4.5),944,70,50.1,44.4,55.8,(±5.7),630,70
Mississippi,49.1,46.4,51.8,(±2.7),4103,70,44.7,41.9,47.5,(±2.8),3649,70,40.7,38.2,43.2,(±2.5),3989,70,47.5,33.1,61.9,(±14.4)‡,3750,70,45.9,42.5,49.3,(±3.4),4016,70,37.9,34.6,41.2,(±3.3),2367,70,38,34.7,41.3,(±3.3),2348,70,37.5,34.1,40.9,(±3.4),2050,70,38.6,34.7,42.5,(±3.9),1888,70,35.8,32.4,39.2,(±3.4),2182,70,58.7,46,71.4,(±12.7)‡,156,70,48.6,35.3,61.9,(±13.3)‡,178,70,49.7,36.4,63,(±13.3)‡,210,70,48.2,35.1,61.3,(±13.1)‡,269,70,49.4,37.6,61.2,(±11.8)‡,326,70,43.6,31.7,55.5,(±11.9)‡,181,70,39.2,29.6,48.8,(±9.6),225,70,48.4,37.4,59.4,(±11.0)‡,331,70,31.8,22,41.6,(±9.8),341,70,35.9,26,45.8,(±9.9),342,70
Missouri,49.7,47.6,51.8,(±2.1),6236,70,47.1,45.2,49,(±1.9),5883,70,47.1,44.2,50,(±2.9),4526,70,42.6,40.3,44.9,(±2.3),4746,70,50.7,48.8,52.6,(±1.9),6934,70,45.5,39.2,51.8,(±6.3),806,70,54.4,47.8,61,(±6.6),644,70,42,33.9,50.1,(±8.1),514,70,47.1,37.8,56.4,(±9.3),540,70,43.2,37.2,49.2,(±6.0),811,70,46.6,36.2,57,(±10.4)‡,224,70,43.4,30.7,56.1,(±12.7)‡,248,70,43.9,33.2,54.6,(±10.7)‡,276,70,40.4,31.7,49.1,(±8.7),263,70,53.3,44,62.6,(±9.3),308,70,51.6,42.4,60.8,(±9.2),380,70,46.3,39,53.6,(±7.3),426,70,46.4,35.3,57.5,(±11.1)‡,373,70,36.4,27.7,45.1,(±8.7),382,70,48.7,40,57.4,(±8.7),476,70
Montana,43.4,41,45.8,(±2.4),5982,70,43.4,41.1,45.7,(±2.3),5726,70,41.2,38.1,44.3,(±3.1),4095,70,41.1,38.3,43.9,(±2.8),3969,70,48.8,46.4,51.2,(±2.4),5450,70,NR *,NaN,NaN,NR *,NR *,70,NR *,NaN,NaN,NR *,NR *,70,NR *,NaN,NaN,NR *,NR *,70,54.4,33.6,75.2,(±20.8)‡,53,70,57.3,38.7,75.9,(±18.6)‡,61,70,52.1,39.5,64.7,(±12.6)‡,202,70,34.7,23.8,45.6,(±10.9)‡,222,70,40.2,24.7,55.7,(±15.5)‡,173,70,51.9,39.3,64.5,(±12.6)‡,193,70,41.9,24.5,59.3,(±17.4)‡,224,70,49.4,41.5,57.3,(±7.9),839,70,52.8,46.3,59.3,(±6.5),844,70,53.7,43.4,64,(±10.3)‡,622,70,49.2,40.6,57.8,(±8.6),634,70,48.4,42,54.8,(±6.4),867,70
Nebraska,53.3,51.7,54.9,(±1.6),16433,70,48.5,47,50,(±1.5),11865,70,51.2,49.5,52.9,(±1.7),10330,70,46.6,45,48.2,(±1.6),11226,70,54.4,52.7,56.1,(±1.7),9897,70,60.7,46.2,75.2,(±14.5)‡,338,70,54.1,44.1,64.1,(±10.0),245,70,58.7,49,68.4,(±9.7),213,70,50.8,42,59.6,(±8.8),247,70,49.4,39.5,59.3,(±9.9),259,70,57.4,51.7,63.1,(±5.7),904,70,51.6,46.1,57.1,(±5.5),886,70,58.4,51.9,64.9,(±6.5),937,70,48.2,42.8,53.6,(±5.4),1043,70,56,50.3,61.7,(±5.7),955,70,57.4,49.7,65.1,(±7.7),540,70,56.6,49.6,63.6,(±7.0),459,70,48.8,41.8,55.8,(±7.0),476,70,47.6,40.4,54.8,(±7.2),436,70,52.7,44.9,60.5,(±7.8),431,70
Nevada,41.5,38.2,44.8,(±3.3),2972,70,39.5,36,43,(±3.5),2204,70,39.1,36.2,42,(±2.9),3370,70,43.1,39.7,46.5,(±3.4),2701,70,42.1,37.6,46.6,(±4.5),2060,70,35.6,25.5,45.7,(±10.1)‡,286,70,30.5,21,40,(±9.5),237,70,34.4,26.3,42.5,(±8.1),349,70,36.8,26.3,47.3,(±10.5)‡,295,70,22.2,12.9,31.5,(±9.3),229,70,38.9,32.8,45,(±6.1),1001,70,34.3,29.2,39.4,(±5.1),836,70,31.6,27.3,35.9,(±4.3),1326,70,33.5,28.8,38.2,(±4.7),1080,70,36.2,26.1,46.3,(±10.1)‡,1105,70,40.4,26.9,53.9,(±13.5)‡,516,70,37,27.8,46.2,(±9.2),444,70,34.6,26.3,42.9,(±8.3),621,70,40.8,30.3,51.3,(±10.5)‡,518,70,39.7,27.1,52.3,(±12.6)‡,426,70
New Hampshire,51.6,49.3,53.9,(±2.3),5753,70,50.3,47.6,53,(±2.7),6287,70,49.5,47.3,51.7,(±2.2),6275,70,43.5,41.4,45.6,(±2.1),5528,70,52.1,49.6,54.6,(±2.5),5423,70,68.6,52.6,84.6,(±16.0)‡,53,70,59.9,44.3,75.5,(±15.6)‡,58,70,36.7,17.8,55.6,(±18.9)‡,62,70,44.6,30.2,59,(±14.4)‡,91,70,38.5,23.9,53.1,(±14.6)‡,103,70,66,53.4,78.6,(±12.6)‡,156,70,61.2,44.1,78.3,(±17.1)‡,172,70,60,47,73,(±13.0)‡,197,70,43.9,34.9,52.9,(±9.0),201,70,64.9,51.1,78.7,(±13.8)‡,233,70,53.9,44.6,63.2,(±9.3),307,70,58,49.5,66.5,(±8.5),341,70,55.6,35.6,75.6,(±20.0)‡,393,70,46.9,38.6,55.2,(±8.3),358,70,48.7,38.7,58.7,(±10.0),326,70
New Jersey,48.5,46.2,50.8,(±2.3),6767,70,45.1,42.3,47.9,(±2.8),4904,70,52.1,49.4,54.8,(±2.7),5378,70,50.4,46.3,54.5,(±4.1),5866,70,NR,NaN,NaN,NR,NR,70,40.6,35.8,45.4,(±4.8),1241,70,42.6,35.9,49.3,(±6.7),891,70,42.5,36.6,48.4,(±5.9),939,70,48,38.6,57.4,(±9.4),1051,70,NR,NaN,NaN,NR,NR,70,46.5,40.7,52.3,(±5.8),1459,70,46.9,38.8,55,(±8.1),1201,70,45.6,39.2,52,(±6.4),1398,70,42.6,37.3,47.9,(±5.3),1614,70,NR,NaN,NaN,NR,NR,70,48,42.5,53.5,(±5.5),834,70,52.9,44.2,61.6,(±8.7),727,70,50.8,43.3,58.3,(±7.5),842,70,43.9,37.1,50.7,(±6.8),877,70,NR,NaN,NaN,NR,NR,70
New Mexico,49.9,46.4,53.4,(±3.5),3468,70,47.2,43.9,50.5,(±3.3),2975,70,47.2,43.6,50.8,(±3.6),2869,70,45.6,42.8,48.4,(±2.8),3434,70,49.2,45.9,52.5,(±3.3),3348,70,55.8,36.9,74.7,(±18.9)‡,99,70,45.4,23.6,67.2,(±21.8)‡,72,70,66.8,48.7,84.9,(±18.1)‡,90,70,53.3,40.3,66.3,(±13.0)‡,109,70,42,28.2,55.8,(±13.8)‡,94,70,49.9,46.1,53.7,(±3.8),2706,70,47.1,43.7,50.5,(±3.4),2537,70,50.3,46.5,54.1,(±3.8),2522,70,41.7,38.9,44.5,(±2.8),2887,70,51.8,47.7,55.9,(±4.1),2935,70,49.2,42,56.4,(±7.2),786,70,51.2,43.3,59.1,(±7.9),698,70,52.8,45.1,60.5,(±7.7),759,70,43.4,37.2,49.6,(±6.2),833,70,45.6,38.8,52.4,(±6.8),771,70
New York,50.7,49,52.4,(±1.7),8091,70,49.1,47.5,50.7,(±1.6),16151,70,50.2,48.5,51.9,(±1.7),14639,70,40.6,39.1,42.1,(±1.5),15093,70,53.3,51.6,55,(±1.7),16041,70,43.5,39.1,47.9,(±4.4),1556,70,46.2,41.8,50.6,(±4.4),1687,70,46.1,41.3,50.9,(±4.8),1645,70,35.2,31.9,38.5,(±3.3),1813,70,46.9,42.5,51.3,(±4.4),1874,70,47.5,43.9,51.1,(±3.6),2201,70,49.6,45.8,53.4,(±3.8),2454,70,49.9,46.2,53.6,(±3.7),2637,70,44.4,41.4,47.4,(±3.0),2887,70,52.8,48.9,56.7,(±3.9),3067,70,49.5,43.2,55.8,(±6.3),1160,70,54.3,49,59.6,(±5.3),1545,70,54.1,49.1,59.1,(±5.0),1679,70,40.2,36.6,43.8,(±3.6),1861,70,49,44.5,53.5,(±4.5),2068,70
North Carolina,53.1,50.6,55.6,(±2.5),4610,70,52.6,49.8,55.4,(±2.8),4701,70,51.2,48.4,54,(±2.8),4202,70,48.7,45.9,51.5,(±2.8),3378,70,58.7,55.9,61.5,(±2.8),4172,70,55.4,49.7,61.1,(±5.7),1213,70,50.5,43.6,57.4,(±6.9),1346,70,48.8,43.8,53.8,(±5.0),1190,70,39.5,34.6,44.4,(±4.9),837,70,49.3,44.3,54.3,(±5.0),1054,70,44.3,37.5,51.1,(±6.8),647,70,43,36.4,49.6,(±6.6),601,70,54,47.3,60.7,(±6.7),693,70,45.5,39.1,51.9,(±6.4),613,70,51.5,46.1,56.9,(±5.4),915,70,48.3,39.6,57,(±8.7),495,70,45.5,37.6,53.4,(±7.9),545,70,50.6,41.8,59.4,(±8.8),539,70,40.8,33.4,48.2,(±7.4),477,70,50.8,43.7,57.9,(±7.1),592,70
North Dakota,50.5,48.1,52.9,(±2.4),5421,70,49,46.8,51.2,(±2.2),5150,70,46.4,44.5,48.3,(±1.9),6278,70,45.5,42.7,48.3,(±2.8),4143,70,51.7,49.6,53.8,(±2.1),6447,70,38.2,18,58.4,(±20.2)‡,64,70,58.7,45.7,71.7,(±13.0)‡,89,70,54.5,44.9,64.1,(±9.6),107,70,48.1,33.5,62.7,(±14.6)‡,112,70,59.3,47.4,71.2,(±11.9)‡,126,70,61.6,49.9,73.3,(±11.7)‡,134,70,34.2,23.1,45.3,(±11.1)‡,109,70,46.2,37.7,54.7,(±8.5),169,70,36.5,21,52,(±15.5)‡,153,70,41,30.8,51.2,(±10.2)‡,184,70,54.9,45,64.8,(±9.9),387,70,52.2,43.4,61,(±8.8),410,70,51.7,44.8,58.6,(±6.9),521,70,43.8,34.3,53.3,(±9.5),361,70,48.3,41,55.6,(±7.3),503,70
Ohio,46.5,44.7,48.3,(±1.8),8400,70,44.2,42.4,46,(±1.8),8935,70,45.8,43.8,47.8,(±2.0),8567,70,42.6,41.1,44.1,(±1.5),10682,70,50.7,49.1,52.3,(±1.6),10363,70,45.9,40,51.8,(±5.9),672,70,44.1,38.5,49.7,(±5.6),803,70,51.2,45.1,57.3,(±6.1),823,70,46,40.6,51.4,(±5.4),977,70,48.8,43,54.6,(±5.8),819,70,45.9,36.5,55.3,(±9.4),246,70,41.2,32.4,50,(±8.8),221,70,49.3,40.2,58.4,(±9.1),315,70,42.5,35.6,49.4,(±6.9),366,70,56.7,48.4,65,(±8.3),391,70,42.7,34.9,50.5,(±7.8),457,70,42.5,35.2,49.8,(±7.3),449,70,43.7,36.1,51.3,(±7.6),529,70,41.3,34.8,47.8,(±6.5),647,70,47.6,39.6,55.6,(±8.0),597,70
Oklahoma,50.4,48.1,52.7,(±2.3),5272,70,45.5,43.3,47.7,(±2.2),4546,70,46.6,44.2,49,(±2.4),4483,70,47,44.6,49.4,(±2.4),4481,70,51.9,49.3,54.5,(±2.6),4757,70,40.5,33.6,47.4,(±6.9),420,70,42.2,33.7,50.7,(±8.5),326,70,47.5,39.1,55.9,(±8.4),358,70,38.9,31.2,46.6,(±7.7),372,70,49.8,41.8,57.8,(±8.0),388,70,51.6,45,58.2,(±6.6),534,70,43.8,36.7,50.9,(±7.1),437,70,48,40.8,55.2,(±7.2),543,70,40.7,35,46.4,(±5.7),620,70,48.6,36.4,60.8,(±12.2)‡,730,70,46.2,40.7,51.7,(±5.5),1133,70,48.8,43.6,54,(±5.2),984,70,49,44,54,(±5.0),1092,70,42.3,37.3,47.3,(±5.0),1013,70,52,46.5,57.5,(±5.5),1175,70
Oregon,44.5,42.2,46.8,(±2.3),5114,70,42.2,39.8,44.6,(±2.4),4053,70,40.2,38,42.4,(±2.2),5074,70,42.3,40.2,44.4,(±2.1),3976,70,48.5,46.2,50.8,(±2.3),4890,70,40.9,28.3,53.5,(±12.6)‡,74,70,36.7,21.4,52,(±15.3)‡,79,70,37.7,26.7,48.7,(±11.0)‡,105,70,47,31.1,62.9,(±15.9)‡,93,70,45,30.2,59.8,(±14.8)‡,94,70,51,43.6,58.4,(±7.4),518,70,41.1,33.5,48.7,(±7.6),505,70,41.7,35.7,47.7,(±6.0),576,70,34.7,29.6,39.8,(±5.1),552,70,52.7,45.9,59.5,(±6.8),717,70,40.1,34.2,46,(±5.9),657,70,47.1,38.6,55.6,(±8.5),523,70,38.9,33.2,44.6,(±5.7),653,70,34.4,27.9,40.9,(±6.5),509,70,42.3,34,50.6,(±8.3),521,70
Pennsylvania,49.3,46.8,51.8,(±2.5),8649,70,47.9,45.5,50.3,(±2.4),7218,70,51.9,49.2,54.6,(±2.7),6000,70,44.9,41.9,47.9,(±3.0),4451,70,54.4,52.5,56.3,(±1.9),7719,70,53.2,44.9,61.5,(±8.3),1632,70,48.4,41,55.8,(±7.4),1465,70,56.2,48.8,63.6,(±7.4),1378,70,44.3,36.2,52.4,(±8.1),1041,70,51.6,45.9,57.3,(±5.7),1462,70,49.5,41.6,57.4,(±7.9),824,70,49.8,40.1,59.5,(±9.7),737,70,60.6,49.3,71.9,(±11.3)‡,958,70,50.9,41.5,60.3,(±9.4),889,70,52.1,45.7,58.5,(±6.4),1111,70,53.9,45.9,61.9,(±8.0),790,70,50.4,40.3,60.5,(±10.1)‡,882,70,55.3,47.7,62.9,(±7.6),913,70,57.2,43.2,71.2,(±14.0)‡,691,70,56.4,49.6,63.2,(±6.8),954,70
Rhode Island,60.2,57.3,63.1,(±2.9),5450,70,58.5,55.6,61.4,(±2.9),5017,70,54.9,52.3,57.5,(±2.6),4984,70,49.7,46.8,52.6,(±2.9),4573,70,61.9,59.2,64.6,(±2.7),4953,70,59.9,48.3,71.5,(±11.6)‡,279,70,45.6,35.9,55.3,(±9.7),341,70,54.1,43.8,64.4,(±10.3)‡,254,70,45.1,36.6,53.6,(±8.5),269,70,53,43.5,62.5,(±9.5),298,70,52.4,46.3,58.5,(±6.1),802,70,52.4,45.6,59.2,(±6.8),883,70,57.7,51.4,64,(±6.3),972,70,53.4,47.1,59.7,(±6.3),924,70,61.3,54.8,67.8,(±6.5),971,70,56,46.7,65.3,(±9.3),410,70,52.6,42.3,62.9,(±10.3)‡,471,70,54.5,43.8,65.2,(±10.7)‡,458,70,46.6,37.8,55.4,(±8.8),423,70,50.2,38.7,61.7,(±11.5)‡,414,70
South Carolina,49.7,47.5,51.9,(±2.2),6513,70,48.1,46,50.2,(±2.1),7225,70,48.7,46.6,50.8,(±2.1),6903,70,44.3,42.1,46.5,(±2.2),6734,70,48.1,45.7,50.5,(±2.4),6155,70,43.1,39.5,46.7,(±3.6),2222,70,43.5,39.9,47.1,(±3.6),2718,70,43.9,40.3,47.5,(±3.6),2627,70,43.6,40.1,47.1,(±3.5),2266,70,44.4,40,48.8,(±4.4),2007,70,52.3,42.9,61.7,(±9.4),413,70,53.9,45.8,62,(±8.1),409,70,47.2,40.6,53.8,(±6.6),455,70,44.8,38.7,50.9,(±6.1),579,70,47.7,39.9,55.5,(±7.8),572,70,51.4,40.2,62.6,(±11.2)‡,413,70,41.6,34.2,49,(±7.4),528,70,48,41.5,54.5,(±6.5),570,70,43.4,36.8,50,(±6.6),528,70,39.7,33.2,46.2,(±6.5),583,70
South Dakota,58.3,55.6,61,(±2.7),6394,70,56.5,53.6,59.4,(±2.9),5821,70,53.5,50.5,56.5,(±3.0),5200,70,47,44.8,49.2,(±2.2),6196,70,54.1,51.5,56.7,(±2.6),5632,70,76.8,57.3,96.3,(±19.5)‡,40,70,67.9,53.4,82.4,(±14.5)‡,52,70,57,34.1,79.9,(±22.9)‡,71,70,60.3,45,75.6,(±15.3)‡,78,70,59.1,37.3,80.9,(±21.8)‡,73,70,70.1,56,84.2,(±14.1)‡,145,70,61.9,48.4,75.4,(±13.5)‡,187,70,60.3,46.3,74.3,(±14.0)‡,185,70,58.5,48.4,68.6,(±10.1)‡,219,70,65.8,51.1,80.5,(±14.7)‡,264,70,66.1,58.4,73.8,(±7.7),971,70,56.3,49.4,63.2,(±6.9),957,70,53.8,46,61.6,(±7.8),872,70,47.6,40.8,54.4,(±6.8),1566,70,52.5,45.5,59.5,(±7.0),1124,70
Tennessee,49.7,47.3,52.1,(±2.4),4846,70,47.4,45,49.8,(±2.4),4506,70,44.2,41.8,46.6,(±2.4),4908,70,37.1,34.8,39.4,(±2.3),3720,70,49.3,46.6,52,(±2.7),4409,70,45.8,39.6,52,(±6.2),723,70,38.5,33,44,(±5.5),716,70,38.8,32.8,44.8,(±6.0),725,70,27.3,22.5,32.1,(±4.8),570,70,40.5,34.3,46.7,(±6.2),593,70,48.5,39.3,57.7,(±9.2),267,70,50.6,39.5,61.7,(±11.1)‡,257,70,46.2,39.1,53.3,(±7.1),333,70,57.2,48.7,65.7,(±8.5),338,70,56.8,48.8,64.8,(±8.0),356,70,47.7,36.6,58.8,(±11.1)‡,316,70,48.5,37.9,59.1,(±10.6)‡,277,70,53.4,39.9,66.9,(±13.5)‡,332,70,28.9,21.8,36,(±7.1),292,70,45.2,36.4,54,(±8.8),366,70
Texas,53.9,51.2,56.6,(±2.7),9673,70,49.7,46.7,52.7,(±3.0),9384,70,44.6,41.7,47.5,(±2.9),10314,70,37.8,35.5,40.1,(±2.3),8341,70,49.5,47.3,51.7,(±2.2),9572,70,46.7,39.6,53.8,(±7.1),1618,70,41,35,47,(±6.0),1827,70,37.2,31.9,42.5,(±5.3),2032,70,35.7,30.6,40.8,(±5.1),1499,70,47.9,42.4,53.4,(±5.5),1607,70,47.1,44.1,50.1,(±3.0),10073,70,45.9,42.2,49.6,(±3.7),8663,70,44,40.3,47.7,(±3.7),8935,70,36.9,34,39.8,(±2.9),7307,70,46.9,44,49.8,(±2.9),7619,70,49,40.3,57.7,(±8.7),1351,70,60.5,49.9,71.1,(±10.6)‡,1489,70,42.5,36.3,48.7,(±6.2),1881,70,43.9,36.6,51.2,(±7.3),1376,70,45.5,39.5,51.5,(±6.0),1511,70
Utah,46.8,43,50.6,(±3.8),7239,70,44.3,42.3,46.3,(±2.0),7452,70,43.6,41.7,45.5,(±1.9),9121,70,39.2,37.5,40.9,(±1.7),7791,70,47,45.3,48.7,(±1.7),8455,70,62.7,51.6,73.8,(±11.1)‡,45,70,47.1,22.6,71.6,(±24.5)‡,55,70,NR †,NaN,NaN,NR †,70,70,38.7,23.7,53.7,(±15.0)‡,77,70,59.5,45,74,(±14.5)‡,103,70,38.9,30.6,47.2,(±8.3),710,70,41.2,35.2,47.2,(±6.0),690,70,42.1,36.8,47.4,(±5.3),792,70,36.9,32.4,41.4,(±4.5),939,70,37.3,33.1,41.5,(±4.2),947,70,57.5,36.5,78.5,(±21.0)‡,338,70,40.6,32.6,48.6,(±8.0),351,70,48.7,39.9,57.5,(±8.8),428,70,33.1,26.9,39.3,(±6.2),452,70,50,40.9,59.1,(±9.1),428,70
Vermont,49.4,47.2,51.6,(±2.2),6519,70,48.9,46.6,51.2,(±2.3),6120,70,47.1,45,49.2,(±2.1),6774,70,43.3,41.2,45.4,(±2.1),6249,70,52.7,50.4,55,(±2.3),6415,70,65.4,45.4,85.4,(±20.0)‡,63,70,58.7,39.2,78.2,(±19.5)‡,54,70,61,44.6,77.4,(±16.4)‡,86,70,55.7,37.1,74.3,(±18.6)‡,82,70,47.9,25.1,70.7,(±22.8)‡,100,70,55.9,42.3,69.5,(±13.6)‡,138,70,61.6,45.7,77.5,(±15.9)‡,112,70,53.6,38.6,68.6,(±15.0)‡,165,70,53.2,39.1,67.3,(±14.1)‡,134,70,45.1,30.5,59.7,(±14.6)‡,162,70,55.8,45,66.6,(±10.8)‡,338,70,50,39.2,60.8,(±10.8)‡,345,70,48.8,38.6,59,(±10.2)‡,395,70,42.5,34.6,50.4,(±7.9),408,70,41.3,33,49.6,(±8.3),417,70
Virginia,53.6,51.3,55.9,(±2.3),7152,70,51.3,49.2,53.4,(±2.1),6364,70,51.3,48.9,53.7,(±2.4),5995,70,50.2,48.2,52.2,(±2.0),6891,70,58.5,56.6,60.4,(±1.9),7669,70,49.9,45,54.8,(±4.9),1408,70,45.3,40.4,50.2,(±4.9),1273,70,46.6,41.1,52.1,(±5.5),1242,70,42.5,38.1,46.9,(±4.4),1379,70,46,41.7,50.3,(±4.3),1500,70,50.8,41.3,60.3,(±9.5),541,70,45.9,38.1,53.7,(±7.8),552,70,51.4,43,59.8,(±8.4),649,70,43,37.4,48.6,(±5.6),722,70,51.9,44.4,59.4,(±7.5),899,70,45.1,37.6,52.6,(±7.5),730,70,47,40.6,53.4,(±6.4),739,70,52.9,45.5,60.3,(±7.4),827,70,51,44.9,57.1,(±6.1),821,70,51.5,45.9,57.1,(±5.6),1017,70
Washington,49.1,47.6,50.6,(±1.5),9566,70,48.7,47.2,50.2,(±1.5),11291,70,48.4,46.9,49.9,(±1.5),11437,70,49.2,47.5,50.9,(±1.7),8373,70,54.3,52.7,55.9,(±1.6),9456,70,49.2,39.6,58.8,(±9.6),251,70,41.1,32.7,49.5,(±8.4),318,70,49.5,38.6,60.4,(±10.9)‡,305,70,47.7,38.8,56.6,(±8.9),245,70,49.8,40.9,58.7,(±8.9),249,70,50.4,45.3,55.5,(±5.1),908,70,47.7,41.9,53.5,(±5.8),1081,70,48.1,43.4,52.8,(±4.7),1241,70,43.2,38.9,47.5,(±4.3),986,70,49.8,45.1,54.5,(±4.7),1085,70,51.4,46.6,56.2,(±4.8),1072,70,46.1,41.3,50.9,(±4.8),1281,70,49.2,44.9,53.5,(±4.3),1513,70,51.2,44.4,58,(±6.8),1042,70,58.4,53.5,63.3,(±4.9),1170,70
West Virginia,51,48.9,53.1,(±2.1),6416,70,49.4,47.4,51.4,(±2.0),6958,70,48.9,47,50.8,(±1.9),6494,70,47.5,45.5,49.5,(±2.0),5814,70,48.6,46.6,50.6,(±2.0),6107,70,55.8,46.1,65.5,(±9.7),211,70,49.5,37.9,61.1,(±11.6)‡,229,70,61.6,49.6,73.6,(±12.0)‡,185,70,50.1,39.5,60.7,(±10.6)‡,199,70,45.1,34.9,55.3,(±10.2)‡,226,70,48.5,34,63,(±14.5)‡,104,70,59.6,46.1,73.1,(±13.5)‡,109,70,47.7,34.8,60.6,(±12.9)‡,138,70,49.1,29,69.2,(±20.1)‡,153,70,39.7,29.5,49.9,(±10.2)‡,174,70,55,45.2,64.8,(±9.8),261,70,49.1,39.8,58.4,(±9.3),292,70,58.4,49.5,67.3,(±8.9),333,70,48.9,40,57.8,(±8.9),346,70,48.8,40.8,56.8,(±8.0),391,70
Wisconsin,43.8,41.3,46.3,(±2.5),4656,70,42.4,39.8,45,(±2.6),4475,70,42.5,40.3,44.7,(±2.2),4635,70,39.5,37.4,41.6,(±2.1),5072,70,51.3,48.8,53.8,(±2.5),4362,70,42.5,32.5,52.5,(±10.0),271,70,46.2,36.4,56,(±9.8),329,70,52.4,40.8,64,(±11.6)‡,294,70,42.2,32.4,52,(±9.8),347,70,51.5,39.1,63.9,(±12.4)‡,280,70,47.7,37.4,58,(±10.3)‡,294,70,45.4,36.4,54.4,(±9.0),284,70,48.3,39.4,57.2,(±8.9),368,70,46.3,39.8,52.8,(±6.5),412,70,48.8,40.6,57,(±8.2),482,70,46.9,34.9,58.9,(±12.0)‡,297,70,42.5,33.9,51.1,(±8.6),346,70,46.2,36.3,56.1,(±9.9),391,70,43.8,35,52.6,(±8.8),449,70,46.1,35.9,56.3,(±10.2)‡,404,70
Wyoming,40.4,38.2,42.6,(±2.2),5889,70,39.2,36.8,41.6,(±2.4),4957,70,39.2,36.9,41.5,(±2.3),5385,70,35.4,33.3,37.5,(±2.1),4446,70,40.7,38.2,43.2,(±2.5),4625,70,69.3,51.1,87.5,(±18.2)‡,42,70,NR †,NaN,NaN,NR †,41,70,30.5,13.2,47.8,(±17.3)‡,42,70,30.5,16.5,44.5,(±14.0)‡,62,70,53.8,33.1,74.5,(±20.7)‡,57,70,40.1,31.4,48.8,(±8.7),367,70,29.6,22.4,36.8,(±7.2),361,70,35.6,27.4,43.8,(±8.2),516,70,37.8,31.3,44.3,(±6.5),477,70,39,30.8,47.2,(±8.2),417,70,36.1,26.5,45.7,(±9.6),282,70,37.3,27.7,46.9,(±9.6),244,70,40.2,30.5,49.9,(±9.7),290,70,27.9,20,35.8,(±7.9),265,70,42.2,31.9,52.5,(±10.3)‡,260,70
United States,48.5,48,49,(±0.5),330072,70,46.6,46.1,47.1,(±0.5),323931,70,47.5,47,48,(±0.5),335532,70,43.2,42.8,43.6,(±0.4),309017,70,51,50.7,51.3,(±0.3),313403,70,43.8,42.5,45.1,(±1.3),37000,70,42.8,41.5,44.1,(±1.3),38499,70,43,41.7,44.3,(±1.3),39263,70,38.2,37.2,39.2,(±1.0),35791,70,44.7,43.4,46,(±1.3),34981,70,44.3,43,45.6,(±1.3),45718,70,43.9,42.5,45.3,(±1.4),44020,70,46.2,44.7,47.7,(±1.5),49486,70,38.6,37.7,39.5,(±0.9),48997,70,46.4,45.3,47.5,(±1.1),50567,70,47.6,45.9,49.3,(±1.7),34011,70,47.1,45.2,49,(±1.9),35069,70,48.8,46.9,50.7,(±1.9),39092,70,43.2,41.8,44.6,(±1.4),36408,70,47.3,45.9,48.7,(±1.4),37642,70
Region  1,53.7,52.4,55,(±1.3),41587,70,51.5,50.2,52.8,(±1.3),41135,70,51.2,50,52.4,(±1.2),42815,70,47,45.8,48.2,(±1.2),37614,70,57.1,55.9,58.3,(±1.2),38867,70,54.8,48.9,60.7,(±5.9),1728,70,54.2,48.4,60,(±5.8),1764,70,47.7,42.8,52.6,(±4.9),1678,70,44.7,40.3,49.1,(±4.4),1635,70,54.9,50.5,59.3,(±4.4),1686,70,57,51.9,62.1,(±5.1),3056,70,51.3,46.9,55.7,(±4.4),3384,70,52.8,48.3,57.3,(±4.5),3518,70,50.8,46.8,54.8,(±4.0),3156,70,56.3,52.7,59.9,(±3.6),3332,70,50.3,45.3,55.3,(±5.0),2611,70,49.8,42.5,57.1,(±7.3),2834,70,49.3,44.8,53.8,(±4.5),3156,70,48.9,44.6,53.2,(±4.3),2856,70,54.8,50.9,58.7,(±3.9),2817,70
Region  2,50,48.6,51.4,(±1.4),14858,70,47.8,46.4,49.2,(±1.4),21055,70,51,49.5,52.5,(±1.5),20017,70,43.5,42.1,44.9,(±1.4),20965,70,54.5,52.9,56.1,(±1.6),17724,70,42.8,39.4,46.2,(±3.4),2797,70,45,41.4,48.6,(±3.6),2578,70,45.1,41.4,48.8,(±3.7),2584,70,38.6,35.3,41.9,(±3.3),2864,70,49.6,45.5,53.7,(±4.1),2183,70,47.2,44,50.4,(±3.2),3660,70,48.9,45.2,52.6,(±3.7),3655,70,48.5,45.1,51.9,(±3.4),4035,70,44.5,41.8,47.2,(±2.7),4500,70,55.8,52.3,59.3,(±3.5),3945,70,48.3,44.1,52.5,(±4.2),1994,70,53.4,48.9,57.9,(±4.5),2272,70,53,48.7,57.3,(±4.3),2521,70,42.1,38.8,45.4,(±3.3),2738,70,51.6,47.6,55.6,(±4.0),2585,70
Region  3,51.6,50.3,52.9,(±1.3),35412,70,50.1,48.7,51.5,(±1.4),35326,70,52.3,50.8,53.8,(±1.5),33270,70,47.8,46.3,49.3,(±1.5),31897,70,55.9,54.9,56.9,(±1.0),37205,70,49.2,46.1,52.3,(±3.1),8393,70,46.7,44.1,49.3,(±2.6),8814,70,49.2,46.1,52.3,(±3.1),8862,70,43.9,41,46.8,(±2.9),7872,70,49.9,47.4,52.4,(±2.5),8137,70,48.6,43.7,53.5,(±4.9),3195,70,49.9,45.3,54.5,(±4.6),3189,70,55.2,49.5,60.9,(±5.7),3810,70,48.3,44.1,52.5,(±4.2),4332,70,51.9,48.2,55.6,(±3.7),5160,70,51.2,46.9,55.5,(±4.3),3421,70,48.6,43.9,53.3,(±4.7),3643,70,54.3,50.4,58.2,(±3.9),4112,70,53.1,47,59.2,(±6.1),3714,70,55.7,52,59.4,(±3.7),4501,70
Region  4,47.5,46.6,48.4,(±0.9),43702,70,46.1,45.2,47,(±0.9),46765,70,46.3,45.4,47.2,(±0.9),56225,70,42.3,41.4,43.2,(±0.9),43614,70,49,48,50,(±1.0),45933,70,42.7,40.6,44.8,(±2.1),11774,70,40.4,38.3,42.5,(±2.1),12889,70,41.3,39.5,43.1,(±1.8),13489,70,35.8,34.1,37.5,(±1.7),11567,70,41.3,38.8,43.8,(±2.5),11325,70,39.2,36.1,42.3,(±3.1),3945,70,37.8,35.4,40.2,(±2.4),4529,70,44.7,42.5,46.9,(±2.2),6727,70,34.8,32.6,37,(±2.2),5450,70,41.2,38.8,43.6,(±2.4),6214,70,41.2,37.4,45,(±3.8),3060,70,42.2,39.1,45.3,(±3.1),3539,70,45.2,42.2,48.2,(±3.0),4589,70,37.1,34.2,40,(±2.9),3822,70,42.9,39.7,46.1,(±3.2),4413,70
Region  5,45.8,44.9,46.7,(±0.9),46328,70,43.9,43,44.8,(±0.9),42960,70,45.4,44.5,46.3,(±0.9),44470,70,41.7,41,42.4,(±0.7),48320,70,49.6,48.7,50.5,(±0.9),43196,70,40.4,37.7,43.1,(±2.7),3960,70,41.2,38.4,44,(±2.8),4191,70,43,39.8,46.2,(±3.2),4112,70,38.5,36,41,(±2.5),4172,70,43.8,41.2,46.4,(±2.6),3891,70,43.3,40,46.6,(±3.3),3107,70,47.9,43.9,51.9,(±4.0),3076,70,43.3,39.6,47,(±3.7),3612,70,40.3,37.9,42.7,(±2.4),4085,70,47.3,44.3,50.3,(±3.0),4225,70,45.4,41.8,49,(±3.6),3119,70,42.5,39.4,45.6,(±3.1),3207,70,45,41.1,48.9,(±3.9),3447,70,41.9,39.2,44.6,(±2.7),3745,70,44.5,41.3,47.7,(±3.2),3507,70
Region  6,51.5,50,53,(±1.5),26118,70,47.6,45.8,49.4,(±1.8),25059,70,44.8,43,46.6,(±1.8),26877,70,39.5,38,41,(±1.5),23424,70,48.7,47.2,50.2,(±1.5),24983,70,45.1,40.8,49.4,(±4.3),4365,70,42.8,39.1,46.5,(±3.7),4603,70,40.3,36.8,43.8,(±3.5),4930,70,36.2,32.9,39.5,(±3.3),3792,70,46.7,43.1,50.3,(±3.6),3816,70,48,45.5,50.5,(±2.5),13980,70,46.1,43,49.2,(±3.1),12250,70,44.9,41.7,48.1,(±3.2),12841,70,37.8,35.4,40.2,(±2.4),11572,70,47.3,44.8,49.8,(±2.5),12105,70,48.1,43.1,53.1,(±5.0),3883,70,56.5,49.6,63.4,(±6.9),3863,70,44.9,41,48.8,(±3.9),4615,70,42.5,37.8,47.2,(±4.7),3974,70,44.7,40.7,48.7,(±4.0),4167,70
Region  7,51,49.9,52.1,(±1.1),42392,70,48.3,47.2,49.4,(±1.1),34994,70,48,46.7,49.3,(±1.3),31965,70,43.9,42.7,45.1,(±1.2),34347,70,52.5,51.4,53.6,(±1.1),32731,70,46.7,41.8,51.6,(±4.9),1858,70,52,47.3,56.7,(±4.7),1587,70,44.8,38.8,50.8,(±6.0),1317,70,44.7,38.6,50.8,(±6.1),1494,70,44.8,40.6,49,(±4.2),1710,70,50.7,46.6,54.8,(±4.1),2580,70,45.5,41.2,49.8,(±4.3),2401,70,51.7,47.4,56,(±4.3),2351,70,46,42.5,49.5,(±3.5),2547,70,51.5,47.9,55.1,(±3.6),2598,70,50.2,45.2,55.2,(±5.0),1851,70,46.3,42,50.6,(±4.3),1727,70,47.2,41.3,53.1,(±5.9),1745,70,40.2,35.6,44.8,(±4.6),1769,70,50.3,45.7,54.9,(±4.6),1778,70
Region  8,48.6,47.2,50,(±1.4),38721,70,47.2,46.3,48.1,(±0.9),37064,70,46.2,45.1,47.3,(±1.1),37582,70,42.8,41.8,43.8,(±1.0),32198,70,49.6,48.7,50.5,(±0.9),37342,70,50.8,42.7,58.9,(±8.1),498,70,53.2,44.5,61.9,(±8.7),530,70,50.8,42.4,59.2,(±8.4),581,70,42.3,35.2,49.4,(±7.1),596,70,58.9,51.7,66.1,(±7.2),664,70,46.2,42.2,50.2,(±4.0),3073,70,46.7,43.4,50,(±3.3),3203,70,48,44,52,(±4.0),3361,70,43.8,40.9,46.7,(±2.9),3254,70,46.2,43.6,48.8,(±2.6),3726,70,53,46.6,59.4,(±6.4),3360,70,48.3,44.6,52,(±3.7),3349,70,53.9,50.2,57.6,(±3.7),3344,70,44.4,40.3,48.5,(±4.1),3732,70,50.2,46.3,54.1,(±3.9),3717,70
Region  9,45.6,43.7,47.5,(±1.9),17787,70,45.5,42.5,48.5,(±3.0),15861,70,47.9,45.1,50.7,(±2.8),17409,70,43.3,41.7,44.9,(±1.6),18224,70,50.5,48.6,52.4,(±1.9),15117,70,38.4,31.5,45.3,(±6.9),1186,70,40.3,33.8,46.8,(±6.5),1028,70,36.7,27.6,45.8,(±9.1),1177,70,35.4,30.5,40.3,(±4.9),1318,70,40,33.1,46.9,(±6.9),1077,70,40.7,37.4,44,(±3.3),6946,70,40.9,37.5,44.3,(±3.4),5987,70,44.9,40.8,49,(±4.1),6638,70,35.2,33.3,37.1,(±1.9),7874,70,43.9,41.5,46.3,(±2.4),6896,70,48.5,44,53,(±4.5),7471,70,44.3,40.5,48.1,(±3.8),7403,70,50.3,44.7,55.9,(±5.6),7862,70,43.3,40.4,46.2,(±2.9),7394,70,45.7,42.2,49.2,(±3.5),7331,70
Region 10,46.3,45.2,47.4,(±1.1),23167,70,44.9,43.8,46,(±1.1),23712,70,44,42.9,45.1,(±1.1),24902,70,44.9,43.8,46,(±1.1),18414,70,50.3,49.1,51.5,(±1.2),20305,70,48,40.2,55.8,(±7.8),441,70,41.6,34.5,48.7,(±7.1),515,70,46.9,39,54.8,(±7.9),533,70,47.4,40.2,54.6,(±7.2),481,70,47.1,40.2,54,(±6.9),492,70,50.1,46.4,53.8,(±3.7),2176,70,43.6,39.8,47.4,(±3.8),2346,70,45.3,42,48.6,(±3.3),2593,70,39.8,36.8,42.8,(±3.0),2227,70,49.6,46,53.2,(±3.6),2366,70,46.3,43,49.6,(±3.3),3241,70,45.2,41.5,48.9,(±3.7),3232,70,45.3,42.2,48.4,(±3.1),3701,70,44.8,40.7,48.9,(±4.1),2664,70,52.6,48.9,56.3,(±3.7),2826,70
HP 2020 Target,70,NaN,NaN,NA,NA,NA,70,NaN,NaN,NA,NA,NA,70,NaN,NaN,NA,NA,NA,70,NaN,NaN,NA,NA,NA,70,NaN,NaN,NA,NA,NA,70,NaN,NaN,NA,NA,NA,70,NaN,NaN,NA,NA,NA,70,NaN,NaN,NA,NA,NA,70,NaN,NaN,NA,NA,NA,70,NaN,NaN,NA,NA,NA,70,NaN,NaN,NA,NA,NA,70,NaN,NaN,NA,NA,NA,70,NaN,NaN,NA,NA,NA,70,NaN,NaN,NA,NA,NA,70,NaN,NaN,NA,NA,NA,70,NaN,NaN,NA,NA,NA,70,NaN,NaN,NA,NA,NA,70,NaN,NaN,NA,NA,NA,70,NaN,NaN,NA,NA,NA,70,NaN,NaN,NA,NA,NA